question_id,book_id,topic_id,target_level,question_type,difficulty,question_summary,prompt,options_json,correct_option,answer_key,explanation,scoring_rule,source_note,version,status
ml-q01,ml-001,rl-001,基本了解,概念题,1,折扣因子作用,折扣因子 γ 主要表示什么？,"[""未来奖励相对当前奖励的权重"",""状态数量"",""动作数量""]",0,未来奖励权重,γ 用于降低远期奖励在当前价值中的权重。,单选正确得 1 分,机器学习·强化学习基础·折扣因子,1,approved
ml-q02,ml-001,rl-001,熟悉,应用题,2,长期回报计算,若当前奖励为 2 且下一步回报为 10，γ=0.8，则一步回报为多少？,"[""8"",""10"",""12""]",1,10,2 + 0.8×10 = 10。,单选正确得 1 分,机器学习·强化学习基础·长期回报,1,approved
ml-q03,ml-001,rl-001,基本了解,概念题,1,MDP组成,MDP 的核心组成不包括哪一项？,"[""状态"",""动作"",""固定的神经网络层数""]",2,固定的神经网络层数,MDP 由状态、动作、转移和奖励描述，不要求神经网络。,单选正确得 1 分,机器学习·强化学习基础·MDP,1,approved
ml-q04,ml-001,rl-001,熟悉,应用题,2,动态规划,贝尔曼方程将一个问题拆分为当前回报与什么？,"[""下一状态的价值"",""随机删除数据"",""更多类别标签""]",0,下一状态的价值,贝尔曼方程体现了当前回报加未来价值的递推关系。,单选正确得 1 分,机器学习·强化学习基础·贝尔曼方程,1,approved
ml-q05,ml-001,rl-001,掌握,代码题,3,Q学习更新,阅读 Q 表更新代码：`q=1.5; r=2; gamma=0.5; max_next=4; alpha=0.1; q = q + alpha*(r + gamma*max_next - q)`。更新后的 q 是多少？,"[""1.25"",""1.75"",""4.00""]",1,1.75,目标为 2+0.5×4=4，q 更新为 1.5+0.1×(4-1.5)=1.75。,单选正确得 1 分,机器学习·强化学习实践·Q-Learning,1,approved
ml-q06,ml-001,rl-001,基本了解,概念题,1,Q学习目标,Q-Learning 主要学习哪一种量？,"[""状态动作价值 Q(s,a)"",""每个样本的固定标签"",""神经网络的层数""]",0,"状态动作价值 Q(s,a)",Q-Learning 估计在状态下执行动作后的长期价值。,单选正确得 1 分,Open Machine Learning Book·深度 Q 学习,1,approved
dl-q01,dl-001,dl-base-001,基本了解,概念题,1,人工神经元,人工神经元通常先对输入做什么？,"[""加权求和再加偏置"",""删除所有输入"",""随机改变标签""]",0,加权求和再加偏置,神经元先计算加权求和与偏置，再经过激活函数。,单选正确得 1 分,深度学习·神经网络基础·人工神经元,1,approved
dl-q02,dl-001,dl-base-001,基本了解,概念题,1,激活函数,激活函数的主要作用是什么？,"[""引入非线性"",""增加样本数量"",""替代损失函数""]",0,引入非线性,非线性使多层网络能够表示更复杂的函数。,单选正确得 1 分,深度学习·神经网络基础·激活函数,1,approved
dl-q03,dl-001,dl-base-001,熟悉,应用题,2,前向传播,前向传播的输出通常用于什么？,"[""计算损失"",""直接删除参数"",""跳过训练""]",0,计算损失,模型预测与真实标签比较后得到损失。,单选正确得 1 分,深度学习·神经网络基础·前向传播,1,approved
dl-q04,dl-001,dl-base-001,熟悉,应用题,2,反向传播,反向传播的核心目标是什么？,"[""计算参数的梯度"",""增加隐藏层数量"",""固定预测结果""]",0,计算参数梯度,梯度用于指导优化器更新参数。,单选正确得 1 分,深度学习·神经网络基础·反向传播,1,approved
dl-q05,dl-001,dl-base-001,掌握,代码题,3,训练循环,"训练代码为：`y_hat=net(X); loss=loss_fn(y_hat,y); optimizer.zero_grad(); loss.backward(); optimizer.step()`。其中真正根据梯度修改参数的是哪一行？","[""`loss_fn(y_hat,y)`"",""`loss.backward()`"",""`optimizer.step()`""]",2,`optimizer.step()`,backward 计算梯度，optimizer.step 使用梯度更新参数。,单选正确得 1 分,深度学习·神经网络基础·训练循环,1,approved
dl-q06,dl-001,dl-base-001,基本了解,应用题,2,训练步骤,已得到一次前向传播的预测值后，训练流程下一步通常是什么？,"[""计算预测与标签之间的损失"",""直接删除模型参数"",""跳过反向传播并结束训练""]",0,计算预测与标签之间的损失,损失为后续反向传播和参数更新提供优化目标。,单选正确得 1 分,动手学深度学习·线性网络·训练流程,1,approved
ml-q07,ml-001,rl-001,基本了解,应用题,1,学习任务类型,预测明天的房屋售价最接近哪类机器学习任务？,"[""回归"",""聚类"",""排序""]",0,回归,房价是连续数值目标，属于回归任务。,单选正确得 1 分,Open Machine Learning Book·机器学习概览,1,approved
ml-q08,ml-001,rl-001,基本了解,概念题,1,学习范式,机器学习模型通过训练数据改进任务表现的核心过程是什么？,"[""根据数据调整模型参数"",""固定参数不再变化"",""只记住每个训练样本""]",0,根据数据调整模型参数,训练通过数据和优化方法调整参数以改善任务表现。,单选正确得 1 分,Open Machine Learning Book·机器学习技术与任务,1,approved
ml-q09,ml-001,rl-001,基本了解,应用题,1,回归问题,下列哪一个目标最适合用回归模型预测？,"[""明天的气温"",""邮件是否垃圾"",""用户属于哪个聚类""]",0,明天的气温,回归用于预测连续数值。,单选正确得 1 分,Open Machine Learning Book·回归模型,1,approved
ml-q10,ml-001,rl-001,基本了解,计算题,1,线性回归,线性回归模型 y=2x+1 在 x=3 时预测值是多少？,"[""7"",""6"",""5""]",0,7,代入 x=3 得 y=2×3+1=7。,单选正确得 1 分,Open Machine Learning Book·线性与多项式回归,1,approved
ml-q11,ml-001,rl-001,基本了解,概念题,1,逻辑回归,逻辑回归在二分类中通常输出什么？,"[""属于正类的概率"",""任意连续售价"",""聚类中心编号""]",0,属于正类的概率,逻辑回归用概率表示二分类预测。,单选正确得 1 分,Open Machine Learning Book·逻辑回归,1,approved
ml-q12,ml-001,rl-001,基本了解,计算题,2,损失函数,两条样本真实值为 2、4，预测为 3、1。均方误差 MSE 是多少？,"[""2.5"",""5"",""10""]",1,5,MSE=((3-2)²+(1-4)²)/2=5。,单选正确得 1 分,Open Machine Learning Book·损失函数,1,approved
ml-q13,ml-001,rl-001,基本了解,概念题,1,梯度下降,梯度下降更新参数时，通常沿哪个方向移动？,"[""负梯度方向"",""正梯度方向"",""随机固定方向""]",0,负梯度方向,沿负梯度方向可局部降低目标函数。,单选正确得 1 分,Open Machine Learning Book·梯度下降,1,approved
ml-q14,ml-001,rl-001,基本了解,应用题,1,分类问题,判断一封邮件是否为垃圾邮件属于什么任务？,"[""分类"",""回归"",""降维""]",0,分类,输出是离散类别标签，属于分类任务。,单选正确得 1 分,Open Machine Learning Book·分类入门,1,approved
ml-q15,ml-001,rl-001,基本了解,概念题,1,聚类,聚类与监督分类的主要区别是什么？,"[""聚类通常没有预先给定的标签"",""聚类必须预测连续值"",""聚类不使用任何数据""]",0,聚类通常没有预先给定的标签,聚类从无标签数据中发现相似分组。,单选正确得 1 分,Open Machine Learning Book·聚类模型,1,approved
ml-q16,ml-001,rl-001,基本了解,概念题,1,集成学习,集成学习的基本思路是什么？,"[""组合多个模型的预测"",""只保留一个样本"",""删除所有弱模型数据""]",0,组合多个模型的预测,集成方法通过组合模型提升稳健性或效果。,单选正确得 1 分,Open Machine Learning Book·集成学习入门,1,approved
ml-q17,ml-001,rl-001,基本了解,评价题,2,模型选择,训练完成后要在多个超参数方案中选择一个，最合适的数据依据是？,"[""验证集表现"",""训练集表现"",""最终测试集反复调参""]",0,验证集表现,验证集用于模型选择；测试集保留给最后评估。,单选正确得 1 分,Open Machine Learning Book·模型选择,1,approved
dl-q07,dl-001,dl-base-001,基本了解,计算题,2,线性代数,"矩阵 A=[[1,2],[3,4]]，向量 x=[1,0]。A x 的结果是？","[""[1,3]"",""[2,4]"",""[3,7]""]",0,"[1,3]","矩阵乘向量得到 [1×1+2×0,3×1+4×0]=[1,3]。",单选正确得 1 分,动手学深度学习·线性代数,1,approved
dl-q08,dl-001,dl-base-001,基本了解,概念题,1,概率基础,概率分布描述的是什么？,"[""随机变量各可能取值的规律"",""模型固定层数"",""训练轮数""]",0,随机变量各可能取值的规律,概率分布刻画随机变量取值及其可能性。,单选正确得 1 分,动手学深度学习·概率,1,approved
dl-q09,dl-001,dl-base-001,基本了解,概念题,1,线性网络,深度学习中的线性回归训练希望通过调整参数使什么尽量变小？,"[""预测与真实值之间的损失"",""训练数据的行数"",""输入特征的名称数""]",0,预测与真实值之间的损失,线性网络根据损失信号更新参数。,单选正确得 1 分,动手学深度学习·线性回归,1,approved
dl-q10,dl-001,dl-base-001,基本了解,概念题,1,Softmax回归,Softmax 回归适合处理什么输出？,"[""多个互斥类别的概率"",""单个连续房价"",""无标签聚类中心""]",0,多个互斥类别的概率,Softmax 将多个类别的分数转为概率分布。,单选正确得 1 分,动手学深度学习·Softmax回归,1,approved
dl-q11,dl-001,dl-base-001,基本了解,概念题,1,多层感知机,多层感知机加入隐藏层和激活函数的主要目的是什么？,"[""表示非线性关系"",""取消所有参数"",""避免使用数据""]",0,表示非线性关系,隐藏层与非线性使模型可表达更复杂函数。,单选正确得 1 分,动手学深度学习·多层感知机,1,approved
dl-q12,dl-001,dl-base-001,基本了解,概念题,1,泛化与过拟合,训练误差很低但测试误差较高通常说明什么？,"[""可能发生过拟合"",""模型一定无需调整"",""数据必然无标签""]",0,可能发生过拟合,训练集表现与未见数据表现差距过大是过拟合信号。,单选正确得 1 分,动手学深度学习·模型选择与过拟合,1,approved
dl-q13,dl-001,dl-base-001,基本了解,概念题,1,参数初始化,不合适的参数初始化可能造成什么问题？,"[""梯度过大或过小"",""自动获得更多标签"",""无需训练""]",0,梯度过大或过小,初始化会影响前后向传播的数值稳定性。,单选正确得 1 分,动手学深度学习·数值稳定性与初始化,1,approved
dl-q14,dl-001,dl-base-001,基本了解,概念题,1,卷积层,卷积层的参数共享带来什么特点？,"[""同一卷积核可在不同位置使用"",""每个像素必须一套完全独立参数"",""不再需要输入""]",0,同一卷积核可在不同位置使用,参数共享降低参数量并利用局部模式。,单选正确得 1 分,动手学深度学习·卷积层,1,approved
dl-q15,dl-001,dl-base-001,基本了解,计算题,1,填充与步幅,在其他条件不变时，增大卷积步幅通常会怎样？,"[""减小输出的空间尺寸"",""增加输入标签数"",""取消卷积核""]",0,减小输出的空间尺寸,步幅变大时卷积核移动更快，输出位置通常更少。,单选正确得 1 分,动手学深度学习·填充和步幅,1,approved
dl-q16,dl-001,dl-base-001,基本了解,概念题,1,池化,池化层主要起什么作用？,"[""下采样并汇聚局部特征"",""计算全部参数梯度"",""产生类别标签""]",0,下采样并汇聚局部特征,池化降低空间分辨率并保留局部显著特征。,单选正确得 1 分,动手学深度学习·池化,1,approved
dl-q17,dl-001,dl-base-001,基本了解,概念题,1,序列模型,序列数据的典型特点是什么？,"[""样本之间存在顺序或时间依赖"",""每个样本完全没有顺序"",""只能是图像""]",0,样本之间存在顺序或时间依赖,序列建模需要考虑前后位置关系。,单选正确得 1 分,动手学深度学习·序列模型,1,approved
dl-q18,dl-001,dl-base-001,基本了解,概念题,1,循环神经网络,RNN 使用隐藏状态主要是为了什么？,"[""保留先前时间步的信息"",""删除所有历史信息"",""固定输出类别数量""]",0,保留先前时间步的信息,RNN 的隐藏状态用于传递序列上下文。,单选正确得 1 分,动手学深度学习·循环神经网络,1,approved
ml-q01-v2,ml-001,rl-001,掌握,应用题,2,折扣因子作用·应用题·v2,一个推荐系统希望重视三个月后的用户留存，而不是只追求当天点击。下列哪种折扣因子设置更符合这一目标？,"[""γ 接近 0，例如 0.05"",""γ 接近 1，例如 0.95"",""把 γ 设为负数""]",1,γ 接近 1，例如 0.95,较大的折扣因子会让未来奖励在当前决策中占更高权重。,单选正确得 1 分,机器学习·强化学习基础·折扣因子；内容负责人编写的独立应用题题 v2,2,approved
ml-q01-v3,ml-001,rl-001,掌握,推导题,3,折扣因子作用·推导题·v3,某策略的两步奖励依次为 1 和 4，终止后无奖励。若 γ=0.5，从第一步开始的折扣回报是多少？,"[""2"",""3"",""5""]",1,3,回报为 1+0.5×4=3。,单选正确得 1 分,机器学习·强化学习基础·折扣因子；内容负责人编写的独立推导题题 v3,3,approved
ml-q01-v4,ml-001,rl-001,掌握,复测题,2,折扣因子作用·复测题·v4,无提示复测：当 γ 从 0.9 调低到 0.1 时，智能体的决策会更倾向于哪一类奖励？,"[""很久以后的奖励"",""即时奖励"",""两者权重完全不变""]",1,即时奖励,γ 变小会明显降低远期奖励的贡献。,单选正确得 1 分,机器学习·强化学习基础·折扣因子；内容负责人编写的独立复测题题 v4,4,approved
ml-q02-v2,ml-001,rl-001,掌握,概念题,1,长期回报计算·概念题·v2,在强化学习中，“回报”与“单步奖励”的关系最准确的是？,"[""回报只等于当前一步奖励"",""回报可以累计当前及未来奖励"",""回报只由动作数量决定""]",1,回报可以累计当前及未来奖励,回报描述从当前时刻开始的累计奖励。,单选正确得 1 分,机器学习·强化学习基础·长期回报；内容负责人编写的独立概念题题 v2,2,approved
ml-q02-v3,ml-001,rl-001,掌握,推导题,3,长期回报计算·推导题·v3,从时刻 t 开始，奖励依次为 3、2、1，γ=0.5。G_t 的值是多少？,"[""4.25"",""5"",""6""]",0,4.25,G_t=3+0.5×2+0.5²×1=4.25。,单选正确得 1 分,机器学习·强化学习基础·长期回报；内容负责人编写的独立推导题题 v3,3,approved
ml-q02-v4,ml-001,rl-001,掌握,复测题,2,长期回报计算·复测题·v4,无提示复测：若终止状态之后的价值定义为 0，终止前一步的回报最直接由什么决定？,"[""该步即时奖励"",""下一轮训练的学习率"",""网络隐藏层数""]",0,该步即时奖励,终止后没有未来回报，因此只剩当前奖励。,单选正确得 1 分,机器学习·强化学习基础·长期回报；内容负责人编写的独立复测题题 v4,4,approved
ml-q03-v2,ml-001,rl-001,掌握,应用题,2,MDP组成·应用题·v2,机器人在仓库中移动：位置会改变，机器人可选择上下左右，撞墙会得到 -1，到达终点得 +10。下列哪项最像该问题的“状态”？,"[""机器人当前位置"",""训练轮数"",""神经网络层数""]",0,机器人当前位置,位置刻画机器人此刻可观察到的决策环境。,单选正确得 1 分,机器学习·强化学习基础·MDP；内容负责人编写的独立应用题题 v2,2,approved
ml-q03-v3,ml-001,rl-001,掌握,情境题,2,MDP组成·情境题·v3,设计一个 MDP 来描述电梯调度时，哪个信息应作为“动作”而不是“奖励”？,"[""选择上行、下行或停留"",""乘客等待时间的负值"",""下一层的乘客数量""]",0,选择上行、下行或停留,动作是决策者主动选择的行为。,单选正确得 1 分,机器学习·强化学习基础·MDP；内容负责人编写的独立情境题题 v3,3,approved
ml-q03-v4,ml-001,rl-001,掌握,复测题,2,MDP组成·复测题·v4,"无提示复测：MDP 中的转移概率 P(s′|s,a) 表示什么？","[""采取动作后到达下一状态的可能性"",""模型参数总数"",""每轮必定获得的固定奖励""]",0,采取动作后到达下一状态的可能性,它描述状态与动作条件下的环境不确定性。,单选正确得 1 分,机器学习·强化学习基础·MDP；内容负责人编写的独立复测题题 v4,4,approved
ml-q04-v2,ml-001,rl-001,掌握,概念题,1,动态规划·概念题·v2,动态规划能够求解许多序贯决策问题的关键前提是？,"[""问题可分解为重叠子问题和递推关系"",""必须使用深度神经网络"",""所有奖励都相同""]",0,问题可分解为重叠子问题和递推关系,动态规划利用子问题结果构造整体解。,单选正确得 1 分,机器学习·强化学习基础·贝尔曼方程；内容负责人编写的独立概念题题 v2,2,approved
ml-q04-v3,ml-001,rl-001,掌握,推导题,3,动态规划·推导题·v3,某状态执行动作后立即奖励为 2，必定转移到价值为 6 的下一状态，γ=0.5。按贝尔曼期望形式，该动作价值为多少？,"[""4"",""5"",""8""]",1,5,Q=2+0.5×6=5。,单选正确得 1 分,机器学习·强化学习基础·贝尔曼方程；内容负责人编写的独立推导题题 v3,3,approved
ml-q04-v4,ml-001,rl-001,掌握,复测题,2,动态规划·复测题·v4,无提示复测：贝尔曼方程中的“未来部分”通常来自哪里？,"[""下一状态的价值估计"",""数据文件的大小"",""当前批次的样本数""]",0,下一状态的价值估计,价值递推把未来回报压缩为下一状态价值。,单选正确得 1 分,机器学习·强化学习基础·贝尔曼方程；内容负责人编写的独立复测题题 v4,4,approved
ml-q05-v2,ml-001,rl-001,掌握,概念题,1,Q学习更新·概念题·v2,"Q-Learning 与只记录状态价值 V(s) 的方法相比，Q(s,a) 额外区分了什么？","[""在状态中选择的具体动作"",""训练集文件格式"",""神经元激活函数""]",0,在状态中选择的具体动作,Q 函数评估状态—动作对的长期价值。,单选正确得 1 分,机器学习·强化学习实践·Q-Learning；内容负责人编写的独立概念题题 v2,2,approved
ml-q05-v3,ml-001,rl-001,掌握,应用题,2,Q学习更新·应用题·v3,一个智能体到达新状态后，希望按 Q-Learning 的贪心目标估计未来回报。它应查看什么？,"[""新状态下所有动作 Q 值中的最大值"",""历史上最小的奖励"",""当前状态的编号""]",0,新状态下所有动作 Q 值中的最大值,Q-Learning 的目标使用下一状态动作价值的最大值。,单选正确得 1 分,机器学习·强化学习实践·Q-Learning；内容负责人编写的独立应用题题 v3,3,approved
ml-q05-v4,ml-001,rl-001,掌握,复测题,2,Q学习更新·复测题·v4,无提示复测：在 Q-Learning 更新中，学习率 α 主要控制什么？,"[""新观测对旧 Q 值的调整幅度"",""状态数量"",""折扣因子的正负""]",0,新观测对旧 Q 值的调整幅度,α 决定一次更新迈出的步长。,单选正确得 1 分,机器学习·强化学习实践·Q-Learning；内容负责人编写的独立复测题题 v4,4,approved
ml-q06-v2,ml-001,rl-001,掌握,应用题,2,Q学习目标·应用题·v2,两个动作在同一状态的 Q 值分别为 3.2 和 2.7。若策略暂时采用纯贪心选择，应执行哪个动作？,"[""Q 值为 3.2 的动作"",""Q 值为 2.7 的动作"",""随机丢弃两个动作""]",0,Q 值为 3.2 的动作,贪心策略选择当前估计价值最大的动作。,单选正确得 1 分,Open Machine Learning Book·深度 Q 学习；内容负责人编写的独立应用题题 v2,2,approved
ml-q06-v3,ml-001,rl-001,掌握,代码题,3,Q学习目标·代码题·v3,阅读伪代码：`target = r + gamma * max(Q[next_state])`。若 next_state 是终止状态，常见实现应把 `max(Q[next_state])` 处理为？,"[""0"",""当前 Q 表最大元素"",""动作总数""]",0,0,终止状态之后没有未来回报。,单选正确得 1 分,Open Machine Learning Book·深度 Q 学习；内容负责人编写的独立代码题题 v3,3,approved
ml-q06-v4,ml-001,rl-001,掌握,复测题,2,Q学习目标·复测题·v4,无提示复测：Q-Learning 属于哪类强化学习方法？,"[""无模型价值学习"",""监督分类"",""无监督聚类""]",0,无模型价值学习,它直接从交互经验更新动作价值，不需要已知环境模型。,单选正确得 1 分,Open Machine Learning Book·深度 Q 学习；内容负责人编写的独立复测题题 v4,4,approved
dl-q01-v2,dl-001,dl-base-001,掌握,应用题,2,人工神经元·应用题·v2,一个神经元有两个输入 2、-1，权重 0.5、1，偏置 1。激活函数之前的线性输出是多少？,"[""1"",""2"",""3""]",0,1,0.5×2+1×(-1)+1=1。,单选正确得 1 分,深度学习·神经网络基础·人工神经元；内容负责人编写的独立应用题题 v2,2,approved
dl-q01-v3,dl-001,dl-base-001,掌握,推导题,3,人工神经元·推导题·v3,若神经元线性部分 z=wᵀx+b，所有输入 x 同时变为 0，而 b=2，则 z 为多少？,"[""0"",""2"",""无法确定""]",1,2,输入项为 0，只留下偏置 b。,单选正确得 1 分,深度学习·神经网络基础·人工神经元；内容负责人编写的独立推导题题 v3,3,approved
dl-q01-v4,dl-001,dl-base-001,掌握,复测题,2,人工神经元·复测题·v4,无提示复测：偏置项的主要作用是什么？,"[""平移线性变换的输出"",""删除输入特征"",""保证输出一定为 0""]",0,平移线性变换的输出,偏置允许模型在输入为零时仍产生非零输出。,单选正确得 1 分,深度学习·神经网络基础·人工神经元；内容负责人编写的独立复测题题 v4,4,approved
dl-q02-v2,dl-001,dl-base-001,掌握,应用题,2,激活函数·应用题·v2,若一个多层网络的所有层都使用恒等激活函数，它与单层线性模型相比最接近哪种情况？,"[""整体仍是线性变换"",""一定能表示任意非线性函数"",""不再需要参数""]",0,整体仍是线性变换,线性变换的复合仍是线性变换。,单选正确得 1 分,深度学习·神经网络基础·激活函数；内容负责人编写的独立应用题题 v2,2,approved
dl-q02-v3,dl-001,dl-base-001,掌握,推导题,3,激活函数·推导题·v3,"ReLU(x)=max(0,x)。当输入分别为 -2、3 时，输出分别是？","[""-2、3"",""0、3"",""0、0""]",1,0、3,ReLU 将负值截为 0，保留正值。,单选正确得 1 分,深度学习·神经网络基础·激活函数；内容负责人编写的独立推导题题 v3,3,approved
dl-q02-v4,dl-001,dl-base-001,掌握,复测题,2,激活函数·复测题·v4,无提示复测：为什么隐藏层常需要非线性激活函数？,"[""否则多层网络会退化为线性映射"",""为了增加训练样本"",""为了替代优化器""]",0,否则多层网络会退化为线性映射,非线性让网络能够表达更复杂的函数。,单选正确得 1 分,深度学习·神经网络基础·激活函数；内容负责人编写的独立复测题题 v4,4,approved
dl-q03-v2,dl-001,dl-base-001,掌握,概念题,1,前向传播·概念题·v2,前向传播的核心任务是？,"[""用当前参数从输入计算预测"",""直接修改梯度"",""删除训练样本""]",0,用当前参数从输入计算预测,前向传播产生后续计算损失所需的预测。,单选正确得 1 分,深度学习·神经网络基础·前向传播；内容负责人编写的独立概念题题 v2,2,approved
dl-q03-v3,dl-001,dl-base-001,掌握,代码题,3,前向传播·代码题·v3,在训练代码中，`y_hat = net(X)` 之后通常紧接着哪一行最合理？,"[""`loss = loss_fn(y_hat, y)`"",""`optimizer.step()`"",""`del y_hat`""]",0,"`loss = loss_fn(y_hat, y)`",先由预测和真实标签计算损失，才可反向传播。,单选正确得 1 分,深度学习·神经网络基础·前向传播；内容负责人编写的独立代码题题 v3,3,approved
dl-q03-v4,dl-001,dl-base-001,掌握,复测题,2,前向传播·复测题·v4,无提示复测：若模型参数不变、输入相同，确定性的前向传播应产生什么？,"[""相同预测"",""随机梯度"",""更多训练标签""]",0,相同预测,确定性网络在相同输入和参数下输出一致。,单选正确得 1 分,深度学习·神经网络基础·前向传播；内容负责人编写的独立复测题题 v4,4,approved
dl-q03-v5,dl-001,dl-base-001,掌握,推导题,3,前向传播·推导题·v5,对单样本线性模型 ŷ=wx，平方损失 L=(ŷ-y)²。若 x=2、w=1、y=3，L 为多少？,"[""1"",""4"",""9""]",0,1,ŷ=2，故 L=(2-3)²=1。,单选正确得 1 分,深度学习·神经网络基础·前向传播；内容负责人编写的独立推导题题 v5,5,approved
dl-q04-v2,dl-001,dl-base-001,掌握,概念题,1,反向传播·概念题·v2,反向传播利用哪条基本规则把损失对后一层的影响传回前一层？,"[""链式法则"",""鸽巢原理"",""贝叶斯先验""]",0,链式法则,链式法则连接复合函数各层的导数。,单选正确得 1 分,深度学习·神经网络基础·反向传播；内容负责人编写的独立概念题题 v2,2,approved
dl-q04-v3,dl-001,dl-base-001,掌握,推导题,3,反向传播·推导题·v3,若 L=(z-4)²，且 z=3w，w=1。dL/dw 等于多少？,"[""-6"",""-3"",""6""]",0,-6,dL/dz=2(z-4)=-2，dz/dw=3，因此 dL/dw=-6。,单选正确得 1 分,深度学习·神经网络基础·反向传播；内容负责人编写的独立推导题题 v3,3,approved
dl-q04-v4,dl-001,dl-base-001,掌握,复测题,2,反向传播·复测题·v4,无提示复测：梯度的符号和大小在训练中主要用于什么？,"[""决定参数更新方向和步长"",""确定类别数量"",""替代输入数据""]",0,决定参数更新方向和步长,优化器依据梯度更新参数。,单选正确得 1 分,深度学习·神经网络基础·反向传播；内容负责人编写的独立复测题题 v4,4,approved
dl-q05-v2,dl-001,dl-base-001,掌握,概念题,1,训练循环·概念题·v2,训练循环中 `optimizer.zero_grad()` 的常见作用是？,"[""清除上一批次累积的梯度"",""删除模型参数"",""计算测试集准确率""]",0,清除上一批次累积的梯度,多数框架会累积梯度，训练新批次前需清零。,单选正确得 1 分,深度学习·神经网络基础·训练循环；内容负责人编写的独立概念题题 v2,2,approved
dl-q05-v3,dl-001,dl-base-001,掌握,应用题,2,训练循环·应用题·v3,训练损失连续上升且学习率较大时，最合理的首个排查方向是？,"[""降低学习率并观察稳定性"",""删除全部训练数据"",""把标签都改成 0""]",0,降低学习率并观察稳定性,过大的步长可能导致优化震荡或发散。,单选正确得 1 分,深度学习·神经网络基础·训练循环；内容负责人编写的独立应用题题 v3,3,approved
dl-q05-v4,dl-001,dl-base-001,掌握,复测题,2,训练循环·复测题·v4,无提示复测：以下哪个顺序正确？,"[""前向→损失→清梯度→反向→更新"",""更新→前向→删除损失"",""反向→不计算损失→更新""]",0,前向→损失→清梯度→反向→更新,训练需先得到损失，再计算梯度并更新。,单选正确得 1 分,深度学习·神经网络基础·训练循环；内容负责人编写的独立复测题题 v4,4,approved
dl-q06-v2,dl-001,dl-base-001,掌握,概念题,1,训练步骤·概念题·v2,在监督学习训练中，损失函数的输入通常是一对什么？,"[""模型预测与真实标签"",""学习率与批次大小"",""层数与文件名""]",0,模型预测与真实标签,损失衡量预测与目标之间的差异。,单选正确得 1 分,动手学深度学习·线性网络·训练流程；内容负责人编写的独立概念题题 v2,2,approved
dl-q06-v3,dl-001,dl-base-001,掌握,代码题,3,训练步骤·代码题·v3,下列哪段伪代码会真正更新参数？,"[""`loss.backward(); optimizer.step()`"",""`loss = loss_fn(y_hat,y); print(loss)`"",""`optimizer.zero_grad(); break`""]",0,`loss.backward(); optimizer.step()`,反向传播生成梯度，step 使用梯度更新参数。,单选正确得 1 分,动手学深度学习·线性网络·训练流程；内容负责人编写的独立代码题题 v3,3,approved
dl-q06-v4,dl-001,dl-base-001,掌握,复测题,2,训练步骤·复测题·v4,无提示复测：若跳过反向传播直接调用 optimizer.step()，在常规训练中最可能发生什么？,"[""没有当前损失对应的新梯度可用于更新"",""自动得到最佳模型"",""标签数会翻倍""]",0,没有当前损失对应的新梯度可用于更新,优化器需要由反向传播计算出的梯度。,单选正确得 1 分,动手学深度学习·线性网络·训练流程；内容负责人编写的独立复测题题 v4,4,approved
ml-q07-v2,ml-001,rl-001,掌握,概念题,1,学习任务类型·概念题·v2,监督学习与无监督学习的主要区别之一是？,"[""监督学习使用带目标标签的数据"",""无监督学习一定不使用数据"",""监督学习不能预测数值""]",0,监督学习使用带目标标签的数据,监督学习依赖输入与目标的对应关系。,单选正确得 1 分,Open Machine Learning Book·机器学习概览；内容负责人编写的独立概念题题 v2,2,approved
ml-q07-v3,ml-001,rl-001,掌握,分类题,2,学习任务类型·分类题·v3,把“根据用户历史行为把用户自动分组”归为哪类任务最合适？,"[""聚类"",""回归"",""序列标注""]",0,聚类,没有预先标签时按相似性分组属于聚类。,单选正确得 1 分,Open Machine Learning Book·机器学习概览；内容负责人编写的独立分类题题 v3,3,approved
ml-q07-v4,ml-001,rl-001,掌握,情境题,2,学习任务类型·情境题·v4,医院希望根据既往体检指标预测患者下月的具体血压数值，应优先建立什么任务？,"[""回归"",""二分类"",""聚类""]",0,回归,目标是连续数值。,单选正确得 1 分,Open Machine Learning Book·机器学习概览；内容负责人编写的独立情境题题 v4,4,approved
ml-q07-v5,ml-001,rl-001,掌握,复测题,2,学习任务类型·复测题·v5,无提示复测：判断图片是“猫”还是“狗”通常属于？,"[""分类"",""回归"",""降维""]",0,分类,输出是离散类别。,单选正确得 1 分,Open Machine Learning Book·机器学习概览；内容负责人编写的独立复测题题 v5,5,approved
ml-q08-v2,ml-001,rl-001,掌握,解释题,2,学习范式·解释题·v2,为什么机器学习训练通常需要区分训练集与验证集？,"[""用验证集检查模型对未参与拟合数据的表现"",""因为验证集专门用来记住答案"",""为了让参数永远不更新""]",0,用验证集检查模型对未参与拟合数据的表现,验证集支持模型选择和泛化检查。,单选正确得 1 分,Open Machine Learning Book·机器学习技术与任务；内容负责人编写的独立解释题题 v2,2,approved
ml-q08-v3,ml-001,rl-001,掌握,应用题,2,学习范式·应用题·v3,一个模型训练准确率很高、验证准确率明显较低。团队下一步最应关注什么？,"[""过拟合与泛化问题"",""把训练集重复复制"",""固定所有参数不再训练""]",0,过拟合与泛化问题,训练与验证表现差距是过拟合信号。,单选正确得 1 分,Open Machine Learning Book·机器学习技术与任务；内容负责人编写的独立应用题题 v3,3,approved
ml-q08-v4,ml-001,rl-001,掌握,复测题,2,学习范式·复测题·v4,无提示复测：模型“学习”的直接含义最接近？,"[""根据数据调整参数以改善任务表现"",""把所有输入文件删除"",""为每个样本手写固定答案""]",0,根据数据调整参数以改善任务表现,学习通过数据和优化改变模型参数。,单选正确得 1 分,Open Machine Learning Book·机器学习技术与任务；内容负责人编写的独立复测题题 v4,4,approved
ml-q09-v2,ml-001,rl-001,掌握,概念题,1,回归问题·概念题·v2,回归任务的预测目标通常是什么类型？,"[""连续数值"",""互斥类别名称"",""无标签分组编号""]",0,连续数值,回归用于预测连续量。,单选正确得 1 分,Open Machine Learning Book·回归模型；内容负责人编写的独立概念题题 v2,2,approved
ml-q09-v3,ml-001,rl-001,掌握,建模题,3,回归问题·建模题·v3,要预测二手车价格，特征包括里程、车龄和品牌。下面哪项最适合作为模型标签 y？,"[""成交价格"",""品牌名称列表"",""训练轮数""]",0,成交价格,y 是要预测的连续目标价格。,单选正确得 1 分,Open Machine Learning Book·回归模型；内容负责人编写的独立建模题题 v3,3,approved
ml-q09-v4,ml-001,rl-001,掌握,复测题,2,回归问题·复测题·v4,无提示复测：预测某城市明日最高温度属于回归，因为输出是？,"[""一个连续数值"",""一个固定类别"",""一个聚类中心""]",0,一个连续数值,温度可在连续数值范围内变化。,单选正确得 1 分,Open Machine Learning Book·回归模型；内容负责人编写的独立复测题题 v4,4,approved
ml-q10-v2,ml-001,rl-001,掌握,概念题,1,线性回归·概念题·v2,在线性回归 ŷ=wx+b 中，w 最直接表示什么？,"[""输入变化对预测的线性影响系数"",""训练样本数量"",""类别总数""]",0,输入变化对预测的线性影响系数,w 是输入特征的线性系数。,单选正确得 1 分,Open Machine Learning Book·线性与多项式回归；内容负责人编写的独立概念题题 v2,2,approved
ml-q10-v3,ml-001,rl-001,掌握,代码题,3,线性回归·代码题·v3,下列哪句伪代码正确计算批量线性回归预测？,"[""`y_hat = X @ w + b`"",""`y_hat = X / y`"",""`w = y_hat + labels`""]",0,`y_hat = X @ w + b`,矩阵乘法加偏置是线性层的标准形式。,单选正确得 1 分,Open Machine Learning Book·线性与多项式回归；内容负责人编写的独立代码题题 v3,3,approved
ml-q10-v4,ml-001,rl-001,掌握,复测题,2,线性回归·复测题·v4,无提示复测：若所有其他条件不变，b 增大 1，预测 ŷ 会怎样？,"[""整体增加 1"",""整体减少 1"",""完全不变""]",0,整体增加 1,偏置以加法方式平移预测。,单选正确得 1 分,Open Machine Learning Book·线性与多项式回归；内容负责人编写的独立复测题题 v4,4,approved
ml-q11-v2,ml-001,rl-001,掌握,应用题,2,逻辑回归·应用题·v2,欺诈检测模型输出某笔交易为欺诈的概率 0.92，阈值设为 0.5。模型应输出什么类别？,"[""欺诈"",""非欺诈"",""聚类中心""]",0,欺诈,概率超过阈值时预测为正类。,单选正确得 1 分,Open Machine Learning Book·逻辑回归；内容负责人编写的独立应用题题 v2,2,approved
ml-q11-v3,ml-001,rl-001,掌握,代码题,3,逻辑回归·代码题·v3,阅读伪代码 `p = sigmoid(logit)`。若 logit=0，变量 p 的值应为？,"[""0.5"",""0"",""1""]",0,0.5,sigmoid(0)=0.5，得到正类概率。,单选正确得 1 分,Open Machine Learning Book·逻辑回归；内容负责人编写的独立代码题题 v3,3,approved
ml-q11-v4,ml-001,rl-001,掌握,复测题,2,逻辑回归·复测题·v4,无提示复测：逻辑回归的决策边界常由什么确定？,"[""预测概率与设定阈值的比较"",""样本文件大小"",""随机种子名称""]",0,预测概率与设定阈值的比较,阈值把概率转为类别决策。,单选正确得 1 分,Open Machine Learning Book·逻辑回归；内容负责人编写的独立复测题题 v4,4,approved
ml-q12-v2,ml-001,rl-001,掌握,概念题,1,损失函数·概念题·v2,训练时最小化损失函数的目的是什么？,"[""让预测与真实目标更一致"",""增加网络层数"",""减少特征数量到零""]",0,让预测与真实目标更一致,损失为优化提供误差目标。,单选正确得 1 分,Open Machine Learning Book·损失函数；内容负责人编写的独立概念题题 v2,2,approved
ml-q12-v3,ml-001,rl-001,掌握,推导题,3,损失函数·推导题·v3,两条样本的真实值为 1、5，预测为 3、2。均方误差 MSE 为多少？,"[""4"",""6.5"",""13""]",1,6.5,((3-1)²+(2-5)²)/2=(4+9)/2=6.5。,单选正确得 1 分,Open Machine Learning Book·损失函数；内容负责人编写的独立推导题题 v3,3,approved
ml-q12-v4,ml-001,rl-001,掌握,复测题,2,损失函数·复测题·v4,无提示复测：若预测完全等于真实目标，常见平方损失为？,"[""0"",""1"",""无法定义""]",0,0,误差为零时平方损失为零。,单选正确得 1 分,Open Machine Learning Book·损失函数；内容负责人编写的独立复测题题 v4,4,approved
ml-q13-v2,ml-001,rl-001,掌握,计算题,2,梯度下降·计算题·v2,某参数当前为 5，梯度为 2，学习率为 0.1。按梯度下降更新后参数为？,"[""4.8"",""5.2"",""7""]",0,4.8,w←5-0.1×2=4.8。,单选正确得 1 分,Open Machine Learning Book·梯度下降；内容负责人编写的独立计算题题 v2,2,approved
ml-q13-v3,ml-001,rl-001,掌握,代码题,3,梯度下降·代码题·v3,下列哪一行体现了最基本的梯度下降更新？,"[""`w = w - lr * grad_w`"",""`w = w + lr * grad_w`"",""`grad_w = 0; w = 0`""]",0,`w = w - lr * grad_w`,最小化目标时沿负梯度方向更新。,单选正确得 1 分,Open Machine Learning Book·梯度下降；内容负责人编写的独立代码题题 v3,3,approved
ml-q13-v4,ml-001,rl-001,掌握,复测题,2,梯度下降·复测题·v4,无提示复测：学习率过大最常见的风险是？,"[""在最优点附近震荡或发散"",""自动获得更多数据"",""梯度一定变为零""]",0,在最优点附近震荡或发散,更新步长过大可能越过较优区域。,单选正确得 1 分,Open Machine Learning Book·梯度下降；内容负责人编写的独立复测题题 v4,4,approved
ml-q14-v2,ml-001,rl-001,掌握,概念题,1,分类问题·概念题·v2,多分类任务的标签形式通常是？,"[""有限个离散类别之一"",""任意连续实数"",""没有任何观测""]",0,有限个离散类别之一,分类输出为离散类别。,单选正确得 1 分,Open Machine Learning Book·分类入门；内容负责人编写的独立概念题题 v2,2,approved
ml-q14-v3,ml-001,rl-001,掌握,评价题,3,分类问题·评价题·v3,在疾病筛查中，漏掉真实患病者代价很高。下列哪个指标尤其应被关注？,"[""召回率"",""训练集文件大小"",""模型参数个数""]",0,召回率,召回率衡量真实正例被识别的比例。,单选正确得 1 分,Open Machine Learning Book·分类入门；内容负责人编写的独立评价题题 v3,3,approved
ml-q14-v4,ml-001,rl-001,掌握,复测题,2,分类问题·复测题·v4,无提示复测：若模型要判断评论“正面/负面/中性”，输出空间是什么？,"[""三个类别"",""一个连续房价"",""若干无标签簇""]",0,三个类别,情感标签是有限离散类别。,单选正确得 1 分,Open Machine Learning Book·分类入门；内容负责人编写的独立复测题题 v4,4,approved
ml-q15-v2,ml-001,rl-001,掌握,应用题,2,聚类·应用题·v2,电商希望在没有人工标签的情况下按购买行为把用户分成若干群体，应优先使用？,"[""聚类"",""二分类"",""线性回归""]",0,聚类,目标是发现无标签数据中的群组。,单选正确得 1 分,Open Machine Learning Book·聚类模型；内容负责人编写的独立应用题题 v2,2,approved
ml-q15-v3,ml-001,rl-001,掌握,比较题,2,聚类·比较题·v3,聚类和分类的主要差异是？,"[""分类通常依赖已知标签，聚类不依赖"",""聚类只能预测连续值"",""分类不能使用特征""]",0,分类通常依赖已知标签，聚类不依赖,监督分类与无监督聚类的标签条件不同。,单选正确得 1 分,Open Machine Learning Book·聚类模型；内容负责人编写的独立比较题题 v3,3,approved
ml-q15-v4,ml-001,rl-001,掌握,复测题,2,聚类·复测题·v4,无提示复测：K-means 的目标直观上是让同一簇内样本怎样？,"[""彼此更相似"",""标签更多"",""时间顺序更长""]",0,彼此更相似,K-means 按距离把相近样本聚到一起。,单选正确得 1 分,Open Machine Learning Book·聚类模型；内容负责人编写的独立复测题题 v4,4,approved
ml-q16-v2,ml-001,rl-001,掌握,应用题,2,集成学习·应用题·v2,多个分类器各自判断后，通过投票输出最终类别属于哪种思想？,"[""集成学习"",""单一线性回归"",""无监督降维""]",0,集成学习,投票组合多个模型的预测。,单选正确得 1 分,Open Machine Learning Book·集成学习入门；内容负责人编写的独立应用题题 v2,2,approved
ml-q16-v3,ml-001,rl-001,掌握,比较题,2,集成学习·比较题·v3,Bagging 与 Boosting 的一个常见区别是？,"[""Boosting 常序列地关注前一轮难分样本"",""Bagging 不使用任何模型"",""Boosting 只能做聚类""]",0,Boosting 常序列地关注前一轮难分样本,Boosting 会逐步调整对难样本的关注。,单选正确得 1 分,Open Machine Learning Book·集成学习入门；内容负责人编写的独立比较题题 v3,3,approved
ml-q16-v4,ml-001,rl-001,掌握,复测题,2,集成学习·复测题·v4,无提示复测：集成模型可能提升稳健性的原因是？,"[""不同模型的误差可部分互补"",""它删除全部训练数据"",""它保证没有参数""]",0,不同模型的误差可部分互补,组合多样模型可降低单一模型偏差或方差。,单选正确得 1 分,Open Machine Learning Book·集成学习入门；内容负责人编写的独立复测题题 v4,4,approved
ml-q17-v2,ml-001,rl-001,掌握,概念题,1,模型选择·概念题·v2,训练集、验证集、测试集的合理分工是？,"[""训练拟合参数，验证选择方案，测试做最终一次评估"",""测试集反复调参，验证集从不使用"",""三者必须完全相同""]",0,训练拟合参数，验证选择方案，测试做最终一次评估,测试集应尽量保留给最后的泛化评估。,单选正确得 1 分,Open Machine Learning Book·模型选择；内容负责人编写的独立概念题题 v2,2,approved
ml-q17-v3,ml-001,rl-001,掌握,应用题,2,模型选择·应用题·v3,两个模型训练完成后，团队要选择超参数。应优先比较它们在哪个集合上的结果？,"[""验证集"",""训练集"",""最终测试集反复多次""]",0,验证集,超参数选择应以验证集表现为依据。,单选正确得 1 分,Open Machine Learning Book·模型选择；内容负责人编写的独立应用题题 v3,3,approved
ml-q17-v4,ml-001,rl-001,掌握,复测题,2,模型选择·复测题·v4,无提示复测：为什么不应反复根据测试集结果调参？,"[""会把测试集信息泄露进模型选择过程"",""测试集没有标签"",""测试集只能保存图片""]",0,会把测试集信息泄露进模型选择过程,反复使用测试集会高估泛化能力。,单选正确得 1 分,Open Machine Learning Book·模型选择；内容负责人编写的独立复测题题 v4,4,approved
dl-q07-v2,dl-001,dl-base-001,掌握,概念题,1,线性代数·概念题·v2,神经网络中用矩阵乘法处理一个批次输入的主要好处是？,"[""可并行执行多个样本的线性变换"",""自动产生标签"",""取消所有权重""]",0,可并行执行多个样本的线性变换,矩阵运算适合批量线性计算。,单选正确得 1 分,动手学深度学习·线性代数；内容负责人编写的独立概念题题 v2,2,approved
dl-q07-v3,dl-001,dl-base-001,掌握,推导题,3,线性代数·推导题·v3,矩阵 A 为 2×3，矩阵 B 为 3×4，则 AB 的形状为？,"[""2×4"",""3×3"",""4×2""]",0,2×4,内维 3 匹配，结果保留外维 2 和 4。,单选正确得 1 分,动手学深度学习·线性代数；内容负责人编写的独立推导题题 v3,3,approved
dl-q07-v4,dl-001,dl-base-001,掌握,复测题,2,线性代数·复测题·v4,无提示复测：若向量 x 是 3 维，线性层输出为 5 维，权重矩阵常可表示为？,"[""5×3"",""3×5×3"",""5×5""]",0,5×3,每个输出维对应一组 3 维权重。,单选正确得 1 分,动手学深度学习·线性代数；内容负责人编写的独立复测题题 v4,4,approved
dl-q08-v2,dl-001,dl-base-001,掌握,计算题,2,概率基础·计算题·v2,一枚公平硬币连续抛两次，恰好一次正面的概率是？,"[""1/4"",""1/2"",""3/4""]",1,1/2,HT 和 TH 两种结果，共四种等可能结果。,单选正确得 1 分,动手学深度学习·概率；内容负责人编写的独立计算题题 v2,2,approved
dl-q08-v3,dl-001,dl-base-001,掌握,应用题,2,概率基础·应用题·v3,模型给两个类别的预测概率为 0.7 与 0.3。下列判断正确的是？,"[""两类概率之和为 1，第一类更可能"",""第一类一定真实"",""概率不能用于分类""]",0,两类概率之和为 1，第一类更可能,概率表示不确定性，不保证单次预测必然正确。,单选正确得 1 分,动手学深度学习·概率；内容负责人编写的独立应用题题 v3,3,approved
dl-q08-v4,dl-001,dl-base-001,掌握,复测题,2,概率基础·复测题·v4,无提示复测：概率为 0 的事件表示？,"[""在当前模型下不可能发生"",""一定发生"",""样本数为零""]",0,在当前模型下不可能发生,概率 0 表示事件不发生。,单选正确得 1 分,动手学深度学习·概率；内容负责人编写的独立复测题题 v4,4,approved
dl-q09-v2,dl-001,dl-base-001,掌握,计算题,2,线性网络·计算题·v2,线性模型 ŷ=2x，给定 x=3、真实值 y=7。平方误差为？,"[""1"",""4"",""49""]",0,1,预测为 6，误差为 -1，平方为 1。,单选正确得 1 分,动手学深度学习·线性回归；内容负责人编写的独立计算题题 v2,2,approved
dl-q09-v3,dl-001,dl-base-001,掌握,代码题,3,线性网络·代码题·v3,PyTorch 风格伪代码中，哪一项是线性回归模型常见的可学习参数？,"[""`w` 和 `b`"",""类别名称字符串"",""训练集路径""]",0,`w` 和 `b`,线性模型通过权重和偏置拟合数据。,单选正确得 1 分,动手学深度学习·线性回归；内容负责人编写的独立代码题题 v3,3,approved
dl-q09-v4,dl-001,dl-base-001,掌握,复测题,2,线性网络·复测题·v4,无提示复测：若线性回归损失持续下降，通常说明？,"[""当前训练数据上的预测误差在减小"",""模型必然完全不过拟合"",""测试准确率一定为 100%""]",0,当前训练数据上的预测误差在减小,训练损失下降只直接说明训练目标在改善。,单选正确得 1 分,动手学深度学习·线性回归；内容负责人编写的独立复测题题 v4,4,approved
dl-q10-v2,dl-001,dl-base-001,掌握,计算题,2,Softmax回归·计算题·v2,"Softmax 输入分数为 [0,0]，两个类别的输出概率分别是？","[""[0.5,0.5]"",""[1,0]"",""[0,1]""]",0,"[0.5,0.5]",相等分数经 Softmax 后得到相等概率。,单选正确得 1 分,动手学深度学习·Softmax回归；内容负责人编写的独立计算题题 v2,2,approved
dl-q10-v3,dl-001,dl-base-001,掌握,应用题,2,Softmax回归·应用题·v3,图像分类模型需要在“飞机、汽车、鸟”中选一个类别，输出层最适合使用？,"[""Softmax 概率分布"",""单个连续回归值"",""聚类中心编号""]",0,Softmax 概率分布,多个互斥类别通常使用 Softmax。,单选正确得 1 分,动手学深度学习·Softmax回归；内容负责人编写的独立应用题题 v3,3,approved
dl-q10-v4,dl-001,dl-base-001,掌握,复测题,2,Softmax回归·复测题·v4,无提示复测：Softmax 输出的各类别概率有何共同约束？,"[""总和为 1"",""每个都大于 1"",""全部固定相等""]",0,总和为 1,Softmax 将分数归一化为概率分布。,单选正确得 1 分,动手学深度学习·Softmax回归；内容负责人编写的独立复测题题 v4,4,approved
dl-q11-v2,dl-001,dl-base-001,掌握,推导题,3,多层感知机·推导题·v2,一个 MLP 的输入层有 4 个特征，隐藏层有 3 个神经元（含偏置），输出层有 2 个神经元（含偏置）。可学习参数总数是多少？,"[""23"",""18"",""12""]",0,23,输入到隐藏层为 4×3+3=15，隐藏到输出为 3×2+2=8，共 23。,单选正确得 1 分,动手学深度学习·多层感知机；内容负责人编写的独立推导题题 v2,2,approved
dl-q11-v3,dl-001,dl-base-001,掌握,代码题,3,多层感知机·代码题·v3,下列哪段 PyTorch 风格结构能形成最基本的非线性 MLP？,"[""`nn.Linear(4,3) → nn.ReLU() → nn.Linear(3,2)`"",""`nn.Linear(4,2) → nn.Linear(2,2)` 且无激活"",""`del input`""]",0,"`nn.Linear(4,3) → nn.ReLU() → nn.Linear(3,2)`",在线性层之间加入 ReLU 引入非线性。,单选正确得 1 分,动手学深度学习·多层感知机；内容负责人编写的独立代码题题 v3,3,approved
dl-q11-v4,dl-001,dl-base-001,掌握,复测题,2,多层感知机·复测题·v4,无提示复测：MLP 比单层线性模型更有表达力的关键是？,"[""隐藏层中的非线性变换"",""训练文件名更长"",""类别数量固定""]",0,隐藏层中的非线性变换,非线性与多层组合提升函数表示能力。,单选正确得 1 分,动手学深度学习·多层感知机；内容负责人编写的独立复测题题 v4,4,approved
dl-q12-v2,dl-001,dl-base-001,掌握,评价题,3,泛化与过拟合·评价题·v2,模型 A 训练准确率 99%、验证准确率 70%；模型 B 训练 90%、验证 88%。若要选泛化更好的模型，应选？,"[""模型 B"",""模型 A"",""仅看谁训练准确率高""]",0,模型 B,B 的验证表现更好且训练验证差距更小。,单选正确得 1 分,动手学深度学习·模型选择与过拟合；内容负责人编写的独立评价题题 v2,2,approved
dl-q12-v3,dl-001,dl-base-001,掌握,应用题,2,泛化与过拟合·应用题·v3,发现过拟合后，下列哪项是合理应对？,"[""增加正则化或数据增强"",""只继续增加训练轮数"",""删除验证集""]",0,增加正则化或数据增强,正则化和数据增强常用于改善泛化。,单选正确得 1 分,动手学深度学习·模型选择与过拟合；内容负责人编写的独立应用题题 v3,3,approved
dl-q12-v4,dl-001,dl-base-001,掌握,复测题,2,泛化与过拟合·复测题·v4,无提示复测：泛化能力指模型在什么数据上的表现？,"[""未参与训练的相似新数据"",""仅训练样本"",""随机文件名""]",0,未参与训练的相似新数据,泛化关注未见样本上的效果。,单选正确得 1 分,动手学深度学习·模型选择与过拟合；内容负责人编写的独立复测题题 v4,4,approved
dl-q13-v2,dl-001,dl-base-001,掌握,解释题,2,参数初始化·解释题·v2,为什么深层网络常关注 Xavier 或 He 初始化？,"[""帮助前后向信号保持合适尺度"",""让训练集自动扩容"",""消除所有非线性""]",0,帮助前后向信号保持合适尺度,合理初始化有助于缓解梯度消失或爆炸。,单选正确得 1 分,动手学深度学习·数值稳定性与初始化；内容负责人编写的独立解释题题 v2,2,approved
dl-q13-v3,dl-001,dl-base-001,掌握,实验题,3,参数初始化·实验题·v3,比较两种初始化时，最能帮助判断是否数值不稳定的记录是？,"[""各层激活和梯度的均值/方差随训练变化"",""电脑桌面颜色"",""数据文件创建时间""]",0,各层激活和梯度的均值/方差随训练变化,激活和梯度统计能直接反映信号尺度。,单选正确得 1 分,动手学深度学习·数值稳定性与初始化；内容负责人编写的独立实验题题 v3,3,approved
dl-q13-v4,dl-001,dl-base-001,掌握,复测题,2,参数初始化·复测题·v4,无提示复测：梯度长期接近 0 会使训练怎样？,"[""参数更新非常缓慢"",""学习率自动变大"",""模型不再需要数据""]",0,参数更新非常缓慢,梯度过小导致更新幅度接近零。,单选正确得 1 分,动手学深度学习·数值稳定性与初始化；内容负责人编写的独立复测题题 v4,4,approved
dl-q14-v2,dl-001,dl-base-001,掌握,计算题,2,卷积层·计算题·v2,输入特征图为 5×5，卷积核为 3×3，步幅 1、无填充。输出空间尺寸为？,"[""3×3"",""5×5"",""7×7""]",0,3×3,输出边长为 5-3+1=3。,单选正确得 1 分,动手学深度学习·卷积层；内容负责人编写的独立计算题题 v2,2,approved
dl-q14-v3,dl-001,dl-base-001,掌握,代码题,3,卷积层·代码题·v3,若希望输入通道为 3、输出通道为 16、卷积核 3×3，哪个配置最符合？,"[""Conv2d(3,16,kernel_size=3)"",""Conv2d(16,3,kernel_size=1) 且无输入"",""Linear(3,16)""]",0,"Conv2d(3,16,kernel_size=3)",卷积层需声明输入/输出通道和卷积核尺寸。,单选正确得 1 分,动手学深度学习·卷积层；内容负责人编写的独立代码题题 v3,3,approved
dl-q14-v4,dl-001,dl-base-001,掌握,复测题,2,卷积层·复测题·v4,无提示复测：卷积层的“局部连接”表示？,"[""一个输出位置只看输入的局部邻域"",""每个输出必须连接所有图像像素"",""不使用任何权重""]",0,一个输出位置只看输入的局部邻域,卷积核在局部感受野内计算特征。,单选正确得 1 分,动手学深度学习·卷积层；内容负责人编写的独立复测题题 v4,4,approved
dl-q15-v2,dl-001,dl-base-001,掌握,概念题,1,填充与步幅·概念题·v2,卷积中的填充（padding）最常用于什么？,"[""控制边界信息与输出尺寸"",""增加类别标签"",""替代卷积核""]",0,控制边界信息与输出尺寸,填充可减少边界缩小并保留边缘信息。,单选正确得 1 分,动手学深度学习·填充和步幅；内容负责人编写的独立概念题题 v2,2,approved
dl-q15-v3,dl-001,dl-base-001,掌握,应用题,2,填充与步幅·应用题·v3,输入为 32×32，卷积核 3×3、步幅 1。若希望输出仍是 32×32，应采用哪种填充？,"[""padding=1"",""padding=0"",""padding=3""]",0,padding=1,输出边长为 32+2p-3+1，p=1 时为 32。,单选正确得 1 分,动手学深度学习·填充和步幅；内容负责人编写的独立应用题题 v3,3,approved
dl-q15-v4,dl-001,dl-base-001,掌握,复测题,2,填充与步幅·复测题·v4,无提示复测：步幅从 1 增至 2 通常会怎样？,"[""减少输出位置数量"",""增加输入通道数"",""使卷积核消失""]",0,减少输出位置数量,卷积核移动更快，因此输出采样位置更少。,单选正确得 1 分,动手学深度学习·填充和步幅；内容负责人编写的独立复测题题 v4,4,approved
dl-q16-v2,dl-001,dl-base-001,掌握,计算题,2,池化·计算题·v2,"对 2×2 区域 [[1,4],[2,3]] 做最大池化，输出为？","[""4"",""2.5"",""1""]",0,4,最大池化保留窗口最大值。,单选正确得 1 分,动手学深度学习·池化；内容负责人编写的独立计算题题 v2,2,approved
dl-q16-v3,dl-001,dl-base-001,掌握,比较题,2,池化·比较题·v3,平均池化与最大池化的主要区别是？,"[""一个取平均值，一个取最大值"",""二者都只做参数更新"",""平均池化输出类别""]",0,一个取平均值，一个取最大值,两者采用不同的局部汇聚规则。,单选正确得 1 分,动手学深度学习·池化；内容负责人编写的独立比较题题 v3,3,approved
dl-q16-v4,dl-001,dl-base-001,掌握,复测题,2,池化·复测题·v4,无提示复测：池化层通常不做什么？,"[""学习卷积核权重"",""降低空间分辨率"",""汇聚局部特征""]",0,学习卷积核权重,标准池化没有可学习卷积核参数。,单选正确得 1 分,动手学深度学习·池化；内容负责人编写的独立复测题题 v4,4,approved
dl-q17-v2,dl-001,dl-base-001,掌握,应用题,2,序列模型·应用题·v2,要用过去 7 天销量预测第 8 天销量，输入最合适的组织方式是？,"[""按时间顺序的 7 天销量窗口"",""随机打乱后只保留一天"",""类别名称列表""]",0,按时间顺序的 7 天销量窗口,序列预测依赖历史顺序信息。,单选正确得 1 分,动手学深度学习·序列模型；内容负责人编写的独立应用题题 v2,2,approved
dl-q17-v3,dl-001,dl-base-001,掌握,建模题,3,序列模型·建模题·v3,为预测一句话的下一个词，模型输入和目标的合理配对是？,"[""前面词序列 → 下一个词"",""下一个词 → 随机图片"",""词序列 → 文件大小""]",0,前面词序列 → 下一个词,语言建模根据前文预测后续 token。,单选正确得 1 分,动手学深度学习·序列模型；内容负责人编写的独立建模题题 v3,3,approved
dl-q17-v4,dl-001,dl-base-001,掌握,复测题,2,序列模型·复测题·v4,无提示复测：将时间序列样本任意打乱的主要风险是？,"[""破坏时间依赖关系"",""增加输入维度"",""自动减少噪声""]",0,破坏时间依赖关系,顺序是序列数据的重要信息。,单选正确得 1 分,动手学深度学习·序列模型；内容负责人编写的独立复测题题 v4,4,approved
dl-q18-v2,dl-001,dl-base-001,掌握,推导题,3,循环神经网络·推导题·v2,简单 RNN 中 h_t=tanh(W_hh h_{t-1}+W_xh x_t)。其中 h_{t-1} 的作用是？,"[""携带先前时间步的信息"",""记录训练文件路径"",""替代当前输入 x_t""]",0,携带先前时间步的信息,隐藏状态把历史上下文传到当前时刻。,单选正确得 1 分,动手学深度学习·循环神经网络；内容负责人编写的独立推导题题 v2,2,approved
dl-q18-v3,dl-001,dl-base-001,掌握,代码题,3,循环神经网络·代码题·v3,循环体为 `h = tanh(W_hh @ h + W_xh @ x_t)`。连续处理序列时，变量 h 在下一时间步应如何使用？,"[""作为下一步的上一隐藏状态继续输入"",""每步删除并改为 0"",""替代当前输入 x_t""]",0,作为下一步的上一隐藏状态继续输入,RNN 将当前 h 传递到下一时间步以保存历史信息。,单选正确得 1 分,动手学深度学习·循环神经网络；内容负责人编写的独立代码题题 v3,3,approved
dl-q18-v4,dl-001,dl-base-001,掌握,复测题,2,循环神经网络·复测题·v4,无提示复测：普通 RNN 在很长序列上可能遇到的训练困难是？,"[""梯度消失或爆炸"",""类别标签自动删除"",""输入维度必定为 0""]",0,梯度消失或爆炸,反复链式相乘会导致梯度尺度不稳定。,单选正确得 1 分,动手学深度学习·循环神经网络；内容负责人编写的独立复测题题 v4,4,approved
