learning_item_id,source_id,source_item_key,question_stem,correct_option_key,blocker_codes,warning_codes,quality_status,reviewer_id,reviewer_note
item-18c786b106a9c26ecac4,microsoft-ml-for-beginners,json-0,Applications of machine learning are all around us,A,,STRUCTURAL_EXPLANATION_NEEDS_SME_REVIEW,needs_review,,
item-98949404cccf0c1a9911,microsoft-ml-for-beginners,json-1,What is the technical difference between classical ML and deep learning?,B,,STRUCTURAL_EXPLANATION_NEEDS_SME_REVIEW,needs_review,,
item-8b9fce098bbe0a93945c,microsoft-ml-for-beginners,json-2,Why might a business want to use ML strategies?,C,,COMPOUND_OPTION_REVIEW|STRUCTURAL_EXPLANATION_NEEDS_SME_REVIEW,needs_review,,
item-6af764196d9579819796,microsoft-ml-for-beginners,json-3,Machine learning algorithms are meant to simulate,B,,STRUCTURAL_EXPLANATION_NEEDS_SME_REVIEW,needs_review,,
item-1eef268c6d7c01470479,microsoft-ml-for-beginners,json-4,What is an example of a classical ML technique?,A,,STRUCTURAL_EXPLANATION_NEEDS_SME_REVIEW,needs_review,,
item-c875c554b0ae8a2775aa,microsoft-ml-for-beginners,json-5,Why should everyone learn the basics of ML?,C,,COMPOUND_OPTION_REVIEW|STRUCTURAL_EXPLANATION_NEEDS_SME_REVIEW,needs_review,,
item-ce33c8dd06c3b94bc42d,microsoft-ml-for-beginners,json-6,Approximately when was the term 'artificial intelligence' coined?,B,,STRUCTURAL_EXPLANATION_NEEDS_SME_REVIEW,needs_review,,
item-cd9cfc3245d57e504b0a,microsoft-ml-for-beginners,json-7,Who was one of the early pioneers of machine learning?,A,,STRUCTURAL_EXPLANATION_NEEDS_SME_REVIEW,needs_review,,
item-6e2630b56f56fec3c1f1,microsoft-ml-for-beginners,json-8,What is one of the reasons that advancement in AI slowed in the 1970s?,A,,STRUCTURAL_EXPLANATION_NEEDS_SME_REVIEW,needs_review,,
item-9f05a916420cb83bbac9,microsoft-ml-for-beginners,json-9,What's an example of a 'scruffy' AI system?,A,,STRUCTURAL_EXPLANATION_NEEDS_SME_REVIEW,needs_review,,
item-9c65f1ccb6ba7b6b9a15,microsoft-ml-for-beginners,json-10,What is an example of a technology that was developed during 'The Golden Years'?,A,,STRUCTURAL_EXPLANATION_NEEDS_SME_REVIEW,needs_review,,
item-f732dba826755361c6d1,microsoft-ml-for-beginners,json-11,Which event was foundational in the creation and expansion of the field of artificial intelligence?,B,,STRUCTURAL_EXPLANATION_NEEDS_SME_REVIEW,needs_review,,
item-f932097e5231d3bb4d60,microsoft-ml-for-beginners,json-12,Unfairness in Machine Learning can happen,C,,COMPOUND_OPTION_REVIEW|STRUCTURAL_EXPLANATION_NEEDS_SME_REVIEW,needs_review,,
item-75e44310069424f503a9,microsoft-ml-for-beginners,json-13,The term 'unfairness' in ML connotes:,A,,STRUCTURAL_EXPLANATION_NEEDS_SME_REVIEW,needs_review,,
item-af524f08f7cfacf66ed5,microsoft-ml-for-beginners,json-14,The five main types of harms include,A,,STRUCTURAL_EXPLANATION_NEEDS_SME_REVIEW,needs_review,,
item-dc8d5d0ae2d5464dea32,microsoft-ml-for-beginners,json-15,Unfairness in a model can be caused by,A,,STRUCTURAL_EXPLANATION_NEEDS_SME_REVIEW,needs_review,,
item-085b4f28392947c567df,microsoft-ml-for-beginners,json-16,"To mitigate unfairness, you can",C,,STRUCTURAL_EXPLANATION_NEEDS_SME_REVIEW,needs_review,,
item-5f96c95137f04aa36c7f,microsoft-ml-for-beginners,json-17,Fairlearn is a package that can,A,,STRUCTURAL_EXPLANATION_NEEDS_SME_REVIEW,needs_review,,
item-c711bac8017976ace0c5,microsoft-ml-for-beginners,json-18,"When building a model, you should:",A,,STRUCTURAL_EXPLANATION_NEEDS_SME_REVIEW,needs_review,,
item-c21c6d75b8167311a3d6,microsoft-ml-for-beginners,json-19,Your data's ___ will impact the quality of your ML model,C,,COMPOUND_OPTION_REVIEW|STRUCTURAL_EXPLANATION_NEEDS_SME_REVIEW,needs_review,,
item-b19f822e1567a18f5aa2,microsoft-ml-for-beginners,json-20,A feature variable is:,B,,STRUCTURAL_EXPLANATION_NEEDS_SME_REVIEW,needs_review,,
item-84c0c579d88774f1415a,microsoft-ml-for-beginners,json-21,You should visualize your data because,C,,STRUCTURAL_EXPLANATION_NEEDS_SME_REVIEW,needs_review,,
item-e2ea56faddd9431261cd,microsoft-ml-for-beginners,json-22,Split your data into:,B,,STRUCTURAL_EXPLANATION_NEEDS_SME_REVIEW,needs_review,,
item-18b152203ff2befdbd6c,microsoft-ml-for-beginners,json-23,A common command to start the training process in various ML libraries is:,C,,STRUCTURAL_EXPLANATION_NEEDS_SME_REVIEW,needs_review,,
item-3bc83b6056c68f07eadb,microsoft-ml-for-beginners,json-24,Which of these variables is a numeric variable?,A,,STRUCTURAL_EXPLANATION_NEEDS_SME_REVIEW,needs_review,,
item-c0fa0ae76924ca226999,microsoft-ml-for-beginners,json-25,Which of these variables is a categorical variable?,B,,STRUCTURAL_EXPLANATION_NEEDS_SME_REVIEW,needs_review,,
item-eb6b77844f9c010dfd1a,microsoft-ml-for-beginners,json-26,Which of these problems is a Regression analysis-based problem?,A,,STRUCTURAL_EXPLANATION_NEEDS_SME_REVIEW,needs_review,,
item-c68fcb2c15c47a804775,microsoft-ml-for-beginners,json-27,"If your Machine Learning model's training accuracy is 95 % and the testing accuracy is 30 %, then what type of condition it is called?",A,,STRUCTURAL_EXPLANATION_NEEDS_SME_REVIEW,needs_review,,
item-bffdf9bcdca385464e0f,microsoft-ml-for-beginners,json-28,The process of identifying significant features from a set of features is called:,C,,STRUCTURAL_EXPLANATION_NEEDS_SME_REVIEW,needs_review,,
item-052077d4fe34939b54b4,microsoft-ml-for-beginners,json-29,The process of splitting a dataset into a certain ratio of training and testing dataset using Scikit Learn's 'train_test_split()' method/function is called:,B,,STRUCTURAL_EXPLANATION_NEEDS_SME_REVIEW,needs_review,,
item-33b512b745631313b2d9,microsoft-ml-for-beginners,json-30,Which of these Python modules is used to plot the visualization of data?,C,,STRUCTURAL_EXPLANATION_NEEDS_SME_REVIEW,needs_review,,
item-0577eb1d80e5755cb032,microsoft-ml-for-beginners,json-31,"If you want to understand the spread or the other characteristics of data points of your dataset, then perform:",A,,STRUCTURAL_EXPLANATION_NEEDS_SME_REVIEW,needs_review,,
item-e1faeea32d6f3c5223ce,microsoft-ml-for-beginners,json-32,Which of these is a part of the Data Visualization step in a Machine Learning project?,B,,STRUCTURAL_EXPLANATION_NEEDS_SME_REVIEW,needs_review,,
item-005e2d6666c7efdc9918,microsoft-ml-for-beginners,json-33,"Which of these code snippets is correct based on this lesson, if you want to check for the presence of missing values in your dataset? Suppose the dataset is stored in a variable named 'dataset' which is a Pandas DataFrame object.",A,,STRUCTURAL_EXPLANATION_NEEDS_SME_REVIEW,needs_review,,
item-b51473989fefa9ecad30,microsoft-ml-for-beginners,json-34,Which of these plotting methods is useful when you would like to understand the spread of different groups of datapoints from your dataset?,C,,STRUCTURAL_EXPLANATION_NEEDS_SME_REVIEW,needs_review,,
item-47caf573a1bafba28a4e,microsoft-ml-for-beginners,json-35,What can Data Visualization NOT tell you?,B,,NEGATIVE_WORDING_REVIEW|STRUCTURAL_EXPLANATION_NEEDS_SME_REVIEW,needs_review,,
item-65c49e2fd7c93e07fcff,microsoft-ml-for-beginners,json-36,Matplotlib is a,B,,STRUCTURAL_EXPLANATION_NEEDS_SME_REVIEW|VERY_SHORT_STEM,needs_review,,
item-81011cfc902ccb20fce2,microsoft-ml-for-beginners,json-37,Linear Regression uses the following to plot relationships between variables,A,,STRUCTURAL_EXPLANATION_NEEDS_SME_REVIEW,needs_review,,
item-5aedc4b3724653498974,microsoft-ml-for-beginners,json-38,A good Linear Regression model has a ___ Correlation Coefficient,B,,STRUCTURAL_EXPLANATION_NEEDS_SME_REVIEW,needs_review,,
item-d345727d141da99cca3d,microsoft-ml-for-beginners,json-39,"If your data is nonlinear, try a ___ type of Regression",C,,STRUCTURAL_EXPLANATION_NEEDS_SME_REVIEW,needs_review,,
item-837bc1c86c030bf5d94c,microsoft-ml-for-beginners,json-40,These are all types of Regression methods,B,,STRUCTURAL_EXPLANATION_NEEDS_SME_REVIEW,needs_review,,
item-595f83d3287bdc0eee7f,microsoft-ml-for-beginners,json-41,Least-Squares Regression means that all the datapoints surrounding the regression line are:,C,,NEGATIVE_WORDING_REVIEW|STRUCTURAL_EXPLANATION_NEEDS_SME_REVIEW,needs_review,,
item-d1e58fc9fbdc1537a96b,microsoft-ml-for-beginners,json-42,Use Logistic Regression to predict,A,,STRUCTURAL_EXPLANATION_NEEDS_SME_REVIEW,needs_review,,
item-10240d13729b1c88c1af,microsoft-ml-for-beginners,json-43,Types of Logistic Regression include,B,,STRUCTURAL_EXPLANATION_NEEDS_SME_REVIEW,needs_review,,
item-f293fce96d5e7d194407,microsoft-ml-for-beginners,json-44,Your data has weak correlations. The best type of Regression to use is:,A,,STRUCTURAL_EXPLANATION_NEEDS_SME_REVIEW,needs_review,,
item-9f1996e813d26a7a4b70,microsoft-ml-for-beginners,json-45,Seaborn is a type of,A,,STRUCTURAL_EXPLANATION_NEEDS_SME_REVIEW,needs_review,,
item-d402e2a21702237b2bbb,microsoft-ml-for-beginners,json-46,A confusion matrix is also known as a:,A,,STRUCTURAL_EXPLANATION_NEEDS_SME_REVIEW,needs_review,,
item-327755b4d4d458e420f3,microsoft-ml-for-beginners,json-47,A good model will have:,B,,STRUCTURAL_EXPLANATION_NEEDS_SME_REVIEW,needs_review,,
item-f3c9fe101d02efa32392,microsoft-ml-for-beginners,json-48,What does ONNX stand for?,B,,STRUCTURAL_EXPLANATION_NEEDS_SME_REVIEW,needs_review,,
item-affffbd055570ec934fe,microsoft-ml-for-beginners,json-49,How is Flask defined by its creators?,C,,STRUCTURAL_EXPLANATION_NEEDS_SME_REVIEW,needs_review,,
item-7f1963e1aa5fafb4bf8f,microsoft-ml-for-beginners,json-50,What does the Pickle module of Python do,C,,STRUCTURAL_EXPLANATION_NEEDS_SME_REVIEW,needs_review,,
item-e52984b61804b7671a3b,microsoft-ml-for-beginners,json-51,What are the tools we can use to host a pre-trained model on the web using Python?,A,,STRUCTURAL_EXPLANATION_NEEDS_SME_REVIEW,needs_review,,
item-9503dec777d95f2af31d,microsoft-ml-for-beginners,json-52,What does SaaS stand for?,B,,STRUCTURAL_EXPLANATION_NEEDS_SME_REVIEW,needs_review,,
item-bee7ca828a24d51da75f,microsoft-ml-for-beginners,json-53,What does Scikit-learn's LabelEncoder library do?,A,,STRUCTURAL_EXPLANATION_NEEDS_SME_REVIEW,needs_review,,
item-a3f2d04948d573ff1d9e,microsoft-ml-for-beginners,json-54,Classification is a form of supervised learning that has a lot in common with,B,,STRUCTURAL_EXPLANATION_NEEDS_SME_REVIEW,needs_review,,
item-c870f31dc8ace4fec309,microsoft-ml-for-beginners,json-55,What question can classification help answer?,A,,STRUCTURAL_EXPLANATION_NEEDS_SME_REVIEW,needs_review,,
item-e2e81e84fb2f627d2d88,microsoft-ml-for-beginners,json-56,What is the first step to using Classification techniques?,B,,STRUCTURAL_EXPLANATION_NEEDS_SME_REVIEW,needs_review,,
item-5d0e0efedd8e441a9e5d,microsoft-ml-for-beginners,json-57,What is a multiclass question?,B,,STRUCTURAL_EXPLANATION_NEEDS_SME_REVIEW,needs_review,,
item-4931e2e79b55191d3568,microsoft-ml-for-beginners,json-58,It's important to clean out recurrent or unhelpful data to help your classifiers solve your problem.,A,,STRUCTURAL_EXPLANATION_NEEDS_SME_REVIEW,needs_review,,
item-946a8a4417d56e75d3c0,microsoft-ml-for-beginners,json-59,What's the best reason to balance your data?,B,,STRUCTURAL_EXPLANATION_NEEDS_SME_REVIEW,needs_review,,
item-28383978b57a036bd181,microsoft-ml-for-beginners,json-60,"Balanced, clean data yields the best classification results",A,,STRUCTURAL_EXPLANATION_NEEDS_SME_REVIEW,needs_review,,
item-5fc22040c0aa8fa02f12,microsoft-ml-for-beginners,json-61,How do you choose the right classifier?,C,,COMPOUND_OPTION_REVIEW|STRUCTURAL_EXPLANATION_NEEDS_SME_REVIEW,needs_review,,
item-43908e7ce23ebb0976a3,microsoft-ml-for-beginners,json-62,Classification is a type of,B,,STRUCTURAL_EXPLANATION_NEEDS_SME_REVIEW,needs_review,,
item-6bef3e9f2f893aa181b7,microsoft-ml-for-beginners,json-63,What is a 'solver'?,B,,STRUCTURAL_EXPLANATION_NEEDS_SME_REVIEW,needs_review,,
item-690976062b0a01aa5cfd,microsoft-ml-for-beginners,json-64,Which classifier did we use in this lesson?,A,,STRUCTURAL_EXPLANATION_NEEDS_SME_REVIEW,needs_review,,
item-a596ca37d49ea98d7749,microsoft-ml-for-beginners,json-65,How do you know if the classification algorithm is working as expected?,A,,STRUCTURAL_EXPLANATION_NEEDS_SME_REVIEW,needs_review,,
item-1502e8f0effe39cdcfe8,microsoft-ml-for-beginners,json-66,A good initial classifier to try is:,A,,STRUCTURAL_EXPLANATION_NEEDS_SME_REVIEW,needs_review,,
item-1fbd5ea73ed1a56940f5,microsoft-ml-for-beginners,json-67,Regularization controls:,A,,STRUCTURAL_EXPLANATION_NEEDS_SME_REVIEW|VERY_SHORT_STEM,needs_review,,
item-e63afa3925559330655f,microsoft-ml-for-beginners,json-68,K-Neighbors classifier can be used for:,C,,STRUCTURAL_EXPLANATION_NEEDS_SME_REVIEW,needs_review,,
item-a5771fe5b16ebc6afd19,microsoft-ml-for-beginners,json-69,Support-Vector classifiers can be used for,C,,STRUCTURAL_EXPLANATION_NEEDS_SME_REVIEW,needs_review,,
item-1735f4fe19970ead2077,microsoft-ml-for-beginners,json-70,Random Forest is a ___ type of classifier,A,,STRUCTURAL_EXPLANATION_NEEDS_SME_REVIEW,needs_review,,
item-6dc6e217ba4b7c2ecb30,microsoft-ml-for-beginners,json-71,Adaboost is known for:,A,,STRUCTURAL_EXPLANATION_NEEDS_SME_REVIEW,needs_review,,
item-eab980b4b7fd0573b053,microsoft-ml-for-beginners,json-72,Recommendation systems might be used for,C,,STRUCTURAL_EXPLANATION_NEEDS_SME_REVIEW,needs_review,,
item-9a1247ea132b9152918c,microsoft-ml-for-beginners,json-73,Embedding a model in a web app helps it to be offline-capable,A,,STRUCTURAL_EXPLANATION_NEEDS_SME_REVIEW,needs_review,,
item-9975f5e64a04d6e24e61,microsoft-ml-for-beginners,json-74,Onnx Runtime can be used for,A,,STRUCTURAL_EXPLANATION_NEEDS_SME_REVIEW,needs_review,,
item-1777d393dfc4a5fbe08e,microsoft-ml-for-beginners,json-75,Netron app helps you:,B,,STRUCTURAL_EXPLANATION_NEEDS_SME_REVIEW,needs_review,,
item-3c3b41cf42ebb43799a3,microsoft-ml-for-beginners,json-76,Convert your Scikit-learn model for use with Onnx using:,C,,STRUCTURAL_EXPLANATION_NEEDS_SME_REVIEW,needs_review,,
item-d80824361bc55c1b042f,microsoft-ml-for-beginners,json-77,Using your model in a web app is called:,A,,STRUCTURAL_EXPLANATION_NEEDS_SME_REVIEW,needs_review,,
item-43204443334395e750e7,microsoft-ml-for-beginners,json-78,A real-life example of clustering would be,B,,STRUCTURAL_EXPLANATION_NEEDS_SME_REVIEW,needs_review,,
item-78b9d1ed489f900e4069,microsoft-ml-for-beginners,json-79,Clustering techniques can be used in these industries,C,,STRUCTURAL_EXPLANATION_NEEDS_SME_REVIEW,needs_review,,
item-76815a18ecdca3b1b528,microsoft-ml-for-beginners,json-80,Clustering is a type of:,B,,STRUCTURAL_EXPLANATION_NEEDS_SME_REVIEW,needs_review,,
item-52f97701b862ffe8e6c5,microsoft-ml-for-beginners,json-81,Euclidean geometry is arranged along,A,,STRUCTURAL_EXPLANATION_NEEDS_SME_REVIEW,needs_review,,
item-c2b674b69b0563769cd7,microsoft-ml-for-beginners,json-82,The density of your clustering data is related to its,A,,STRUCTURAL_EXPLANATION_NEEDS_SME_REVIEW,needs_review,,
item-e7728783463b5015f512,microsoft-ml-for-beginners,json-83,The best-known clustering algorithm is,A,,STRUCTURAL_EXPLANATION_NEEDS_SME_REVIEW,needs_review,,
item-fe736f19b2b226b77e94,microsoft-ml-for-beginners,json-84,K-Means is derived from:,B,,STRUCTURAL_EXPLANATION_NEEDS_SME_REVIEW,needs_review,,
item-62ea63cd3ae934eae383,microsoft-ml-for-beginners,json-85,A good Silhouette score means:,A,,STRUCTURAL_EXPLANATION_NEEDS_SME_REVIEW,needs_review,,
item-a3a20a67afd3d0a752c0,microsoft-ml-for-beginners,json-86,Variance is:,C,,STRUCTURAL_EXPLANATION_NEEDS_SME_REVIEW|VERY_SHORT_STEM,needs_review,,
item-f9544a553c8a3634975d,microsoft-ml-for-beginners,json-87,A Voronoi diagram shows:,B,,STRUCTURAL_EXPLANATION_NEEDS_SME_REVIEW,needs_review,,
item-e22f904d8cf947b2b93c,microsoft-ml-for-beginners,json-88,Inertia is,A,,STRUCTURAL_EXPLANATION_NEEDS_SME_REVIEW|VERY_SHORT_STEM,needs_review,,
item-3c1d32745d7391487b23,microsoft-ml-for-beginners,json-89,"Using K-Means, you must first determine the value of 'k'",A,,STRUCTURAL_EXPLANATION_NEEDS_SME_REVIEW,needs_review,,
item-14c5054c94db2faf1de9,microsoft-ml-for-beginners,json-90,What does NLP stand for in these lessons?,B,,STRUCTURAL_EXPLANATION_NEEDS_SME_REVIEW,needs_review,,
item-a9b2a023177c591e53be,microsoft-ml-for-beginners,json-91,Eliza was an early bot that acted as a computer,A,,STRUCTURAL_EXPLANATION_NEEDS_SME_REVIEW,needs_review,,
item-341ae8f8cecc65050ac4,microsoft-ml-for-beginners,json-92,Alan Turing's 'Turing Test' tried to determine if a computer was,C,,COMPOUND_OPTION_REVIEW|STRUCTURAL_EXPLANATION_NEEDS_SME_REVIEW,needs_review,,
item-065cd2ff59681ead4b9e,microsoft-ml-for-beginners,json-93,Joseph Weizenbaum invented the bot,B,,STRUCTURAL_EXPLANATION_NEEDS_SME_REVIEW,needs_review,,
item-0878748da5f08aff9741,microsoft-ml-for-beginners,json-94,A conversational bot gives output based on,C,,STRUCTURAL_EXPLANATION_NEEDS_SME_REVIEW,needs_review,,
item-b8ebe1ac923226fdd3dd,microsoft-ml-for-beginners,json-95,How would you make the bot more effective?,B,,STRUCTURAL_EXPLANATION_NEEDS_SME_REVIEW,needs_review,,
item-67007e89717f94527c87,microsoft-ml-for-beginners,json-96,Tokenization,B,,STRUCTURAL_EXPLANATION_NEEDS_SME_REVIEW|VERY_SHORT_STEM,needs_review,,
item-19aeab6a6248843d7081,microsoft-ml-for-beginners,json-97,Embeddings,A,,STRUCTURAL_EXPLANATION_NEEDS_SME_REVIEW|VERY_SHORT_STEM,needs_review,,
item-94adf61b0e10842f949b,microsoft-ml-for-beginners,json-98,Parts-of-Speech Tagging,B,,STRUCTURAL_EXPLANATION_NEEDS_SME_REVIEW,needs_review,,
item-952e45fd8f9c7be898fa,microsoft-ml-for-beginners,json-99,Build a dictionary of how often words reoccur using:,B,,STRUCTURAL_EXPLANATION_NEEDS_SME_REVIEW,needs_review,,
item-61bdc51a7902f4b47d57,microsoft-ml-for-beginners,json-100,N-grams refer to,A,,STRUCTURAL_EXPLANATION_NEEDS_SME_REVIEW,needs_review,,
item-8a093f4f44aa8a383f13,microsoft-ml-for-beginners,json-101,Sentiment analysis,A,,STRUCTURAL_EXPLANATION_NEEDS_SME_REVIEW|VERY_SHORT_STEM,needs_review,,
item-af32c826c64c768b1384,microsoft-ml-for-beginners,json-102,Naive translation,A,,STRUCTURAL_EXPLANATION_NEEDS_SME_REVIEW|VERY_SHORT_STEM,needs_review,,
item-bd798085c9b488608f18,microsoft-ml-for-beginners,json-103,A *corpus* of texts refers to,B,,STRUCTURAL_EXPLANATION_NEEDS_SME_REVIEW,needs_review,,
item-ef16bcbd542125cffa80,microsoft-ml-for-beginners,json-104,"If a ML model has enough human translations to build a model on, it can",C,,STRUCTURAL_EXPLANATION_NEEDS_SME_REVIEW,needs_review,,
item-bd9cb5a48ecd39336b8a,microsoft-ml-for-beginners,json-105,Underlying TextBlob's translation library is:,A,,STRUCTURAL_EXPLANATION_NEEDS_SME_REVIEW,needs_review,,
item-7e4f13c13f992b5de9ed,microsoft-ml-for-beginners,json-106,To use `blob.translate` you need:,A,,STRUCTURAL_EXPLANATION_NEEDS_SME_REVIEW,needs_review,,
item-73fac48945267a4d889d,microsoft-ml-for-beginners,json-107,"To determine sentiment, an ML approach would be to:",B,,STRUCTURAL_EXPLANATION_NEEDS_SME_REVIEW,needs_review,,
item-530d2709d0bfb2dcad7b,microsoft-ml-for-beginners,json-108,What information can we get from text that was written or spoken by a human?,C,,COMPOUND_OPTION_REVIEW|STRUCTURAL_EXPLANATION_NEEDS_SME_REVIEW,needs_review,,
item-671c66e561d2a5891205,microsoft-ml-for-beginners,json-109,What is sentiment analysis?,B,,STRUCTURAL_EXPLANATION_NEEDS_SME_REVIEW,needs_review,,
item-a1e69b03c0bb5392a91f,microsoft-ml-for-beginners,json-110,"What question could be answered using a dataset of hotel reviews, Python, and sentiment analysis?",A,,STRUCTURAL_EXPLANATION_NEEDS_SME_REVIEW,needs_review,,
item-8f78d26ebf5ffb17379e,microsoft-ml-for-beginners,json-111,What is the essence of NLP?,B,,STRUCTURAL_EXPLANATION_NEEDS_SME_REVIEW,needs_review,,
item-61b7f2bbc91938a921e3,microsoft-ml-for-beginners,json-112,What are some things you might look for while cleaning data?,C,,COMPOUND_OPTION_REVIEW|STRUCTURAL_EXPLANATION_NEEDS_SME_REVIEW,needs_review,,
item-1ad6b945021fadd38b64,microsoft-ml-for-beginners,json-113,It is important to understand your data and its foibles before performing operations on it.,A,,STRUCTURAL_EXPLANATION_NEEDS_SME_REVIEW,needs_review,,
item-0d707867bee391a127bf,microsoft-ml-for-beginners,json-114,Why is it important to clean data before analyzing it?,C,,COMPOUND_OPTION_REVIEW|STRUCTURAL_EXPLANATION_NEEDS_SME_REVIEW,needs_review,,
item-47e97c8fd1b7a08abf47,microsoft-ml-for-beginners,json-115,What is one example of a strategy for cleaning data?,A,,STRUCTURAL_EXPLANATION_NEEDS_SME_REVIEW,needs_review,,
item-69bac3eb56a7f9e02fad,microsoft-ml-for-beginners,json-116,It can be useful to categorize data using a Tag column.,A,,STRUCTURAL_EXPLANATION_NEEDS_SME_REVIEW,needs_review,,
item-2421c0736b7555a1c3bf,microsoft-ml-for-beginners,json-117,What is the goal of the dataset?,B,,STRUCTURAL_EXPLANATION_NEEDS_SME_REVIEW,needs_review,,
item-d3c7c06ac18e38ef71cf,microsoft-ml-for-beginners,json-118,What are stop words?,C,,COMPOUND_OPTION_REVIEW|STRUCTURAL_EXPLANATION_NEEDS_SME_REVIEW,needs_review,,
item-3a2200f45f269ae2a26e,microsoft-ml-for-beginners,json-119,"To test the sentiment analysis, make sure it matches the reviewer's score for the same review.",A,,STRUCTURAL_EXPLANATION_NEEDS_SME_REVIEW,needs_review,,
item-b158a9ebc8e214595641,microsoft-ml-for-beginners,json-120,Time Series Forecasting is useful in,C,,STRUCTURAL_EXPLANATION_NEEDS_SME_REVIEW,needs_review,,
item-b924e9dd561ef037eca0,microsoft-ml-for-beginners,json-121,A time series is a sequence taken at:,B,,STRUCTURAL_EXPLANATION_NEEDS_SME_REVIEW,needs_review,,
item-c533bee5d91931bb1e32,microsoft-ml-for-beginners,json-122,Time series can be used in:,A,,STRUCTURAL_EXPLANATION_NEEDS_SME_REVIEW,needs_review,,
item-76c9d69ffc11d7bd677b,microsoft-ml-for-beginners,json-123,Time series trends are,A,,STRUCTURAL_EXPLANATION_NEEDS_SME_REVIEW,needs_review,,
item-ad9cdc3286922c81106a,microsoft-ml-for-beginners,json-124,Outliers are,B,,STRUCTURAL_EXPLANATION_NEEDS_SME_REVIEW|VERY_SHORT_STEM,needs_review,,
item-dd2832b1b887b7612c25,microsoft-ml-for-beginners,json-125,Time Series Forecasting is most useful for,A,,STRUCTURAL_EXPLANATION_NEEDS_SME_REVIEW,needs_review,,
item-7cf786501eca4dacfc92,microsoft-ml-for-beginners,json-126,ARIMA stands for,C,,STRUCTURAL_EXPLANATION_NEEDS_SME_REVIEW|VERY_SHORT_STEM,needs_review,,
item-3e5f3b4f6c31d31b2af2,microsoft-ml-for-beginners,json-127,Stationarity refers to,B,,STRUCTURAL_EXPLANATION_NEEDS_SME_REVIEW|VERY_SHORT_STEM,needs_review,,
item-35df9151f33070eee6c9,microsoft-ml-for-beginners,json-128,Differencing,C,,STRUCTURAL_EXPLANATION_NEEDS_SME_REVIEW|VERY_SHORT_STEM,needs_review,,
item-8493c364b8f9a9f944c5,microsoft-ml-for-beginners,json-129,ARIMA is used to make a model fit the special form of time series data,B,,STRUCTURAL_EXPLANATION_NEEDS_SME_REVIEW,needs_review,,
item-07a23a125601ea350bee,microsoft-ml-for-beginners,json-130,Use SARIMAX to,A,,STRUCTURAL_EXPLANATION_NEEDS_SME_REVIEW|VERY_SHORT_STEM,needs_review,,
item-ea7ac77c7bbc33f3d758,microsoft-ml-for-beginners,json-131,'Walk-Forward' validation involves,B,,STRUCTURAL_EXPLANATION_NEEDS_SME_REVIEW,needs_review,,
item-7a55576272fc930773f7,microsoft-ml-for-beginners,json-132,What is reinforcement learning?,B,,STRUCTURAL_EXPLANATION_NEEDS_SME_REVIEW,needs_review,,
item-8e83579e14aef42cb6d0,microsoft-ml-for-beginners,json-133,What is a policy?,A,,STRUCTURAL_EXPLANATION_NEEDS_SME_REVIEW,needs_review,,
item-3ebe17e05df0c415325f,microsoft-ml-for-beginners,json-134,A reward function returns a score for each state of an environment.,A,,STRUCTURAL_EXPLANATION_NEEDS_SME_REVIEW,needs_review,,
item-b2e2cfd5345bc6eaa843,microsoft-ml-for-beginners,json-135,What is Q-Learning?,C,,COMPOUND_OPTION_REVIEW|STRUCTURAL_EXPLANATION_NEEDS_SME_REVIEW,needs_review,,
item-cdc35faf5d33161d234a,microsoft-ml-for-beginners,json-136,For what values does a Q-Table correspond to the random walk policy?,A,,STRUCTURAL_EXPLANATION_NEEDS_SME_REVIEW,needs_review,,
item-777206224990ad7a7637,microsoft-ml-for-beginners,json-137,It was better to use exploration than exploitation during the learning process in our lesson.,B,,STRUCTURAL_EXPLANATION_NEEDS_SME_REVIEW,needs_review,,
item-cee7199f86f0c62294f3,microsoft-ml-for-beginners,json-138,Chess and Go are games with continuous states.,B,,STRUCTURAL_EXPLANATION_NEEDS_SME_REVIEW,needs_review,,
item-9b23b1196bd2381b52c6,microsoft-ml-for-beginners,json-139,What is the CartPole problem?,C,,STRUCTURAL_EXPLANATION_NEEDS_SME_REVIEW,needs_review,,
item-5cd2cd1f6c1e1c4dc2ac,microsoft-ml-for-beginners,json-140,What tool can we use to play out different scenarios of potential states in a game?,B,,STRUCTURAL_EXPLANATION_NEEDS_SME_REVIEW,needs_review,,
item-8e3fe98ce4b497172a3c,microsoft-ml-for-beginners,json-141,Where do we define all possible actions in an environment?,B,,STRUCTURAL_EXPLANATION_NEEDS_SME_REVIEW,needs_review,,
item-6b784cf3c0bc63b66302,microsoft-ml-for-beginners,json-142,What pair did we use as the dictionary key-value?,A,,STRUCTURAL_EXPLANATION_NEEDS_SME_REVIEW,needs_review,,
item-a37550c2935bc0c35e96,microsoft-ml-for-beginners,json-143,What are the hyperparameters we used during Q-Learning?,B,,STRUCTURAL_EXPLANATION_NEEDS_SME_REVIEW,needs_review,,
item-d302b6571df14ab40429,microsoft-ml-for-beginners,json-144,What's an example of an ML application in the Finance industry?,B,,STRUCTURAL_EXPLANATION_NEEDS_SME_REVIEW,needs_review,,
item-4e3bb7bd8031be6b64a2,microsoft-ml-for-beginners,json-145,What ML technique can hospitals use to manage readmission?,A,,STRUCTURAL_EXPLANATION_NEEDS_SME_REVIEW,needs_review,,
item-1576086c2485dd2802e3,microsoft-ml-for-beginners,json-146,What is an example of using Time Series for energy management?,B,,STRUCTURAL_EXPLANATION_NEEDS_SME_REVIEW,needs_review,,
item-3989c002c3c6144f34dc,microsoft-ml-for-beginners,json-147,Which ML technique can be used to detect credit card fraud?,B,,STRUCTURAL_EXPLANATION_NEEDS_SME_REVIEW,needs_review,,
item-7e09409a4020cc7e0e39,microsoft-ml-for-beginners,json-148,Which ML technique is exemplified in forest management?,A,,STRUCTURAL_EXPLANATION_NEEDS_SME_REVIEW,needs_review,,
item-b75f76db92d27892783f,microsoft-ml-for-beginners,json-149,What's an example of an ML application in the Health Care industry?,B,,STRUCTURAL_EXPLANATION_NEEDS_SME_REVIEW,needs_review,,
item-3aced7b91f59e2800ebc,microsoft-ml-for-beginners,json-150,SVM stands for,B,,STRUCTURAL_EXPLANATION_NEEDS_SME_REVIEW|VERY_SHORT_STEM,needs_review,,
item-661f94a71985c0e43536,microsoft-ml-for-beginners,json-151,Which of these ML techniques is used to predict continuous values?,C,,STRUCTURAL_EXPLANATION_NEEDS_SME_REVIEW,needs_review,,
item-799ffc6103969c48e024,microsoft-ml-for-beginners,json-152,Which of these models is popularly used for time series forecasting?,A,,STRUCTURAL_EXPLANATION_NEEDS_SME_REVIEW,needs_review,,
item-72d53d3b12b1f1b3c32c,microsoft-ml-for-beginners,json-153,By which of these methods does an SVR learn?,A,,STRUCTURAL_EXPLANATION_NEEDS_SME_REVIEW,needs_review,,
item-10bfacc5561e42961ecd,microsoft-ml-for-beginners,json-154,What is the purpose of a kernel in SVMs?,B,,STRUCTURAL_EXPLANATION_NEEDS_SME_REVIEW,needs_review,,
item-f9661e4e8bc511ef147b,microsoft-ml-for-beginners,json-155,Which of these models consider the non-linearity in the dataset?,C,,STRUCTURAL_EXPLANATION_NEEDS_SME_REVIEW,needs_review,,
item-871de120765b344c492d,microsoft-ai-for-beginners,json-0,A famous 19th century proto-computer engineer was,B,,STRUCTURAL_EXPLANATION_NEEDS_SME_REVIEW,needs_review,,
item-b64c4e951ee70ec0a151,microsoft-ai-for-beginners,json-1,Weak AI is a system designed to solve many tasks,B,,STRUCTURAL_EXPLANATION_NEEDS_SME_REVIEW,needs_review,,
item-b2cfc4627fdbd268a3e4,microsoft-ai-for-beginners,json-2,Chat bots are an example of truly intelligent systems,C,,STRUCTURAL_EXPLANATION_NEEDS_SME_REVIEW,needs_review,,
item-a26306666d8f1f2159a1,microsoft-ai-for-beginners,json-3,A top-down approach to AI is a model of reasoning called,B,,STRUCTURAL_EXPLANATION_NEEDS_SME_REVIEW,needs_review,,
item-94ba001fb3192194163b,microsoft-ai-for-beginners,json-4,A bottom-up approach to AI is based on neural networks,A,,STRUCTURAL_EXPLANATION_NEEDS_SME_REVIEW,needs_review,,
item-116d22ef2fd4191a84f0,microsoft-ai-for-beginners,json-5,The AI Winter occurred in this era,C,,STRUCTURAL_EXPLANATION_NEEDS_SME_REVIEW,needs_review,,
item-c39bd672a0d034a4b984,microsoft-ai-for-beginners,json-0,Generators take vectors and produce ____,B,,STRUCTURAL_EXPLANATION_NEEDS_SME_REVIEW,needs_review,,
item-c7c85998ccab340d9aef,microsoft-ai-for-beginners,json-1,GANs is short for?,C,,STRUCTURAL_EXPLANATION_NEEDS_SME_REVIEW,needs_review,,
item-c618868cc224f0dca9ab,microsoft-ai-for-beginners,json-2,GAN uses ____ neural networks,B,,STRUCTURAL_EXPLANATION_NEEDS_SME_REVIEW,needs_review,,
item-cf33439636f098a44e77,microsoft-ai-for-beginners,json-3,We can use Batch normalization and BatchNorm1D to stabilize the training,A,,STRUCTURAL_EXPLANATION_NEEDS_SME_REVIEW,needs_review,,
item-0325bea7e5085093cc66,microsoft-ai-for-beginners,json-4,Deep Convolutional GAN uses convolutional layers for ____ and ____,A,,STRUCTURAL_EXPLANATION_NEEDS_SME_REVIEW,needs_review,,
item-4dfc919aa367d25ff175,microsoft-ai-for-beginners,json-5,Problems of GAN training includes,C,,COMPOUND_OPTION_REVIEW|STRUCTURAL_EXPLANATION_NEEDS_SME_REVIEW,needs_review,,
item-3fcd913e4cd03ea047cd,microsoft-ai-for-beginners,json-0,Neural networks can only be used to classify images,B,,STRUCTURAL_EXPLANATION_NEEDS_SME_REVIEW,needs_review,,
item-f000a9ef5e0e13d2827d,microsoft-ai-for-beginners,json-1,"With object detection, we don't just get the class of an object, but also its ____",B,,STRUCTURAL_EXPLANATION_NEEDS_SME_REVIEW,needs_review,,
item-2d38022144dcc642a207,microsoft-ai-for-beginners,json-2,How many objects can an object detection model detect?,C,,STRUCTURAL_EXPLANATION_NEEDS_SME_REVIEW,needs_review,,
item-0e03a3a65e94673ee58d,microsoft-ai-for-beginners,json-3,An Object detection model gives us,C,,STRUCTURAL_EXPLANATION_NEEDS_SME_REVIEW,needs_review,,
item-947c2bd5a8a5f6c1fd48,microsoft-ai-for-beginners,json-4,Which object detection models are faster?,A,,STRUCTURAL_EXPLANATION_NEEDS_SME_REVIEW,needs_review,,
item-df749b895d98cfd3ac9e,microsoft-ai-for-beginners,json-5,Which metric can be used to determine how well bounding boxes are aligned?,C,,STRUCTURAL_EXPLANATION_NEEDS_SME_REVIEW,needs_review,,
item-0e9df20bbefdbafda529,microsoft-ai-for-beginners,json-0,How many segmentation algorithm are there?,B,,STRUCTURAL_EXPLANATION_NEEDS_SME_REVIEW,needs_review,,
item-63de1c66e99f6cba7e02,microsoft-ai-for-beginners,json-1,Segmentation is a _____ task,A,,STRUCTURAL_EXPLANATION_NEEDS_SME_REVIEW,needs_review,,
item-7d179b1cc5a4797f4dbe,microsoft-ai-for-beginners,json-2,Segmentation networks consist of ____ and ____ parts,B,,STRUCTURAL_EXPLANATION_NEEDS_SME_REVIEW,needs_review,,
item-b8c86673a958165ea703,microsoft-ai-for-beginners,json-3,____ extracts features from an input image,C,,STRUCTURAL_EXPLANATION_NEEDS_SME_REVIEW,needs_review,,
item-82363d249bada03fed51,microsoft-ai-for-beginners,json-4,____ transforms input features into mask image,A,,STRUCTURAL_EXPLANATION_NEEDS_SME_REVIEW,needs_review,,
item-e432bf0da80e2b90ba99,microsoft-ai-for-beginners,json-5,SegNet relies on ____ to train multi-layered network,A,,STRUCTURAL_EXPLANATION_NEEDS_SME_REVIEW,needs_review,,
item-8f306c6f36a8f09ac59f,microsoft-ai-for-beginners,json-0,Each word in a Bag of Words is linked to a vector index,A,,STRUCTURAL_EXPLANATION_NEEDS_SME_REVIEW,needs_review,,
item-a96d67848dd8ae052848,microsoft-ai-for-beginners,json-1,Text can be represented using _____ approaches,B,,STRUCTURAL_EXPLANATION_NEEDS_SME_REVIEW,needs_review,,
item-7c8eca1fdbb693791908,microsoft-ai-for-beginners,json-2,Character level representation represents each _____ as a number,A,,STRUCTURAL_EXPLANATION_NEEDS_SME_REVIEW,needs_review,,
item-e6f444056d87ba168bc0,microsoft-ai-for-beginners,json-3,Word level representation represents _____ as a number,B,,STRUCTURAL_EXPLANATION_NEEDS_SME_REVIEW,needs_review,,
item-c9a3cb28e1444a05b467,microsoft-ai-for-beginners,json-4,N-Grams refers to _____,C,,STRUCTURAL_EXPLANATION_NEEDS_SME_REVIEW,needs_review,,
item-65330542d633bb4a0a78,microsoft-ai-for-beginners,json-5,The main drawback of N-gram is that the vocabulary size grows fast,A,,STRUCTURAL_EXPLANATION_NEEDS_SME_REVIEW,needs_review,,
item-7d1e0ca4adaac5439e2e,microsoft-ai-for-beginners,json-0,Embedding is used to represent words with _____ dimensional dense vectors,A,,STRUCTURAL_EXPLANATION_NEEDS_SME_REVIEW,needs_review,,
item-b2cdd08d22ed2996f921,microsoft-ai-for-beginners,json-1,Word2Vec pre-trained embeddings can also be used in place of embedding layer in neural networks,A,,STRUCTURAL_EXPLANATION_NEEDS_SME_REVIEW,needs_review,,
item-e54fc0a174018a8221b2,microsoft-ai-for-beginners,json-2,Using embedding layer we cannot switch from bag-of-words to embedding bag,B,,STRUCTURAL_EXPLANATION_NEEDS_SME_REVIEW,needs_review,,
item-0bc61d430c3b757c4e27,microsoft-ai-for-beginners,json-3,Word2Vec has _____ main architectures,B,,STRUCTURAL_EXPLANATION_NEEDS_SME_REVIEW,needs_review,,
item-6e56bbaabf6b62ffe61f,microsoft-ai-for-beginners,json-4,Word sense disambiguation is a limitation of traditional pretrained embedding representations,A,,STRUCTURAL_EXPLANATION_NEEDS_SME_REVIEW,needs_review,,
item-20d9ba813f02aecdb84c,microsoft-ai-for-beginners,json-5,An embedding layer takes _____ as input,A,,STRUCTURAL_EXPLANATION_NEEDS_SME_REVIEW,needs_review,,
item-76da0ac9c7a0d5e1be4e,microsoft-ai-for-beginners,json-0,Which of the following can be considered a language model?,A,,STRUCTURAL_EXPLANATION_NEEDS_SME_REVIEW,needs_review,,
item-d39bfe487cc858c65a60,microsoft-ai-for-beginners,json-1,A language model should be able to ____ the next word in the sentence,B,,STRUCTURAL_EXPLANATION_NEEDS_SME_REVIEW,needs_review,,
item-51ee62e167664ab1d542,microsoft-ai-for-beginners,json-2,Language models are trained on,C,,STRUCTURAL_EXPLANATION_NEEDS_SME_REVIEW,needs_review,,
item-5c0642715f7a99a7ad47,microsoft-ai-for-beginners,json-3,Which of the architectures predicts a word from neighboring words?,A,,STRUCTURAL_EXPLANATION_NEEDS_SME_REVIEW,needs_review,,
item-b14173d169e819121649,microsoft-ai-for-beginners,json-4,"When we train a CBoW model, we obtain",B,,STRUCTURAL_EXPLANATION_NEEDS_SME_REVIEW,needs_review,,
item-4413b83c9e38c56ec779,microsoft-ai-for-beginners,json-5,The CBoW model is based on,A,,STRUCTURAL_EXPLANATION_NEEDS_SME_REVIEW,needs_review,,
item-d6879835cb03fe82ba47,microsoft-ai-for-beginners,json-0,RNN is short for?,B,,STRUCTURAL_EXPLANATION_NEEDS_SME_REVIEW,needs_review,,
item-16fcd4fe8772a6cfec1a,microsoft-ai-for-beginners,json-1,A simple RNN cell has two weight _____,A,,STRUCTURAL_EXPLANATION_NEEDS_SME_REVIEW,needs_review,,
item-f37093bc3a9272e6930b,microsoft-ai-for-beginners,json-2,vanishing gradients is a problem of _____,A,,STRUCTURAL_EXPLANATION_NEEDS_SME_REVIEW,needs_review,,
item-44fe0853879a49ce0431,microsoft-ai-for-beginners,json-3,"_____ takes some information from the input and hidden vector, and inserts it into state",C,,STRUCTURAL_EXPLANATION_NEEDS_SME_REVIEW,needs_review,,
item-43e17777441725fe99b7,microsoft-ai-for-beginners,json-4,Bidirectional RNNs runs recurrent computation in _____,A,,STRUCTURAL_EXPLANATION_NEEDS_SME_REVIEW,needs_review,,
item-ed0fb9f16195abfa1cb4,microsoft-ai-for-beginners,json-5,All RNN Cells have the same shareable weights,A,,STRUCTURAL_EXPLANATION_NEEDS_SME_REVIEW,needs_review,,
item-9ccd3aa877a95f3eb0ca,microsoft-ai-for-beginners,json-0,RNNs can be for generative tasks,A,,STRUCTURAL_EXPLANATION_NEEDS_SME_REVIEW,needs_review,,
item-def5a1a3b581c1f11a23,microsoft-ai-for-beginners,json-1,_____ is a traditional neural network with one input and one output,A,,STRUCTURAL_EXPLANATION_NEEDS_SME_REVIEW,needs_review,,
item-e027ac2d7b4538a46b8f,microsoft-ai-for-beginners,json-2,RNN generates texts by generating next output token for each input token,A,,STRUCTURAL_EXPLANATION_NEEDS_SME_REVIEW,needs_review,,
item-93d81428fe7cf8037061,microsoft-ai-for-beginners,json-3,Output encoder converts hidden state into _____ output,A,,STRUCTURAL_EXPLANATION_NEEDS_SME_REVIEW,needs_review,,
item-0bfb22540d88f6b65127,microsoft-ai-for-beginners,json-4,Selecting the character with higher probabilities always gives a meaningful text.,B,,STRUCTURAL_EXPLANATION_NEEDS_SME_REVIEW,needs_review,,
item-b508ec19d0bba11b4db0,microsoft-ai-for-beginners,json-5,Many-to-many can also be referred to as _____,B,,STRUCTURAL_EXPLANATION_NEEDS_SME_REVIEW,needs_review,,
item-a7684d659419aaa21af9,microsoft-ai-for-beginners,json-0,Attention mechanism provides a means of _____ the impact of an inout vector on an output prediction of RNN,A,,STRUCTURAL_EXPLANATION_NEEDS_SME_REVIEW,needs_review,,
item-5bcac09cfc8539d28c69,microsoft-ai-for-beginners,json-1,BERT is an acronym for,B,,STRUCTURAL_EXPLANATION_NEEDS_SME_REVIEW,needs_review,,
item-7d2fe2d72c90e64782c5,microsoft-ai-for-beginners,json-2,In positional encoding the relative position of the token is represented by number of steps,A,,STRUCTURAL_EXPLANATION_NEEDS_SME_REVIEW,needs_review,,
item-2a37cc182bc13855e1ae,microsoft-ai-for-beginners,json-3,Positional embedding _____ the original token and its position within the sequence,C,,STRUCTURAL_EXPLANATION_NEEDS_SME_REVIEW,needs_review,,
item-b56d75ca7d5e5ddb3d07,microsoft-ai-for-beginners,json-4,Multi-Head Attention is used in transformers to give network the power to capture _____ of dependencies,A,,STRUCTURAL_EXPLANATION_NEEDS_SME_REVIEW,needs_review,,
item-38318229510b4b91017e,microsoft-ai-for-beginners,json-5,In transformers attention is used in _____ instances,B,,STRUCTURAL_EXPLANATION_NEEDS_SME_REVIEW,needs_review,,
item-d35d1491c2fca9875012,microsoft-ai-for-beginners,json-0,What does NER stands for?,C,,STRUCTURAL_EXPLANATION_NEEDS_SME_REVIEW,needs_review,,
item-9b519c14c5d381c7cebb,microsoft-ai-for-beginners,json-1,An entity always consists of one token,B,,STRUCTURAL_EXPLANATION_NEEDS_SME_REVIEW,needs_review,,
item-575feb0fde562e2e0e97,microsoft-ai-for-beginners,json-2,"To train NER model, we need",A,,STRUCTURAL_EXPLANATION_NEEDS_SME_REVIEW,needs_review,,
item-e66d6a3a1b38f2ffb008,microsoft-ai-for-beginners,json-3,NER model is essentially a ____ model,B,,STRUCTURAL_EXPLANATION_NEEDS_SME_REVIEW,needs_review,,
item-1ed7f9476869043b3cc0,microsoft-ai-for-beginners,json-4,Which neural network types can be used for NER?,C,,STRUCTURAL_EXPLANATION_NEEDS_SME_REVIEW,needs_review,,
item-00c3475b7a11daa913a2,microsoft-ai-for-beginners,json-5,NER model is a good example of ____ network architecture,C,,STRUCTURAL_EXPLANATION_NEEDS_SME_REVIEW,needs_review,,
item-7dd33642fda434f03194,microsoft-ai-for-beginners,json-0,The top-down approach to creating intelligent systems was based on:,B,,STRUCTURAL_EXPLANATION_NEEDS_SME_REVIEW,needs_review,,
item-668234323e5f3570438f,microsoft-ai-for-beginners,json-1,Knowledge is the same as information,B,,STRUCTURAL_EXPLANATION_NEEDS_SME_REVIEW,needs_review,,
item-d4eacdb60851486a08e2,microsoft-ai-for-beginners,json-2,Knowledge is obtained by an:,A,,STRUCTURAL_EXPLANATION_NEEDS_SME_REVIEW,needs_review,,
item-7fef206b071bf1949b0c,microsoft-ai-for-beginners,json-3,The simplest method of knowledge representation is:,A,,STRUCTURAL_EXPLANATION_NEEDS_SME_REVIEW,needs_review,,
item-e762db18492b2cd43909,microsoft-ai-for-beginners,json-4,Scenarios can represent complex situations that can unfold in time,A,,STRUCTURAL_EXPLANATION_NEEDS_SME_REVIEW,needs_review,,
item-028d7a0923d4179b4e2e,microsoft-ai-for-beginners,json-5,Forward inference starts with initial data and then:,A,,STRUCTURAL_EXPLANATION_NEEDS_SME_REVIEW,needs_review,,
item-be55f87b50e10f8fd2b9,microsoft-ai-for-beginners,json-0,What does GPT stand for?,B,,STRUCTURAL_EXPLANATION_NEEDS_SME_REVIEW,needs_review,,
item-36592346587c541dd03c,microsoft-ai-for-beginners,json-1,What can GPT be used for?,C,,STRUCTURAL_EXPLANATION_NEEDS_SME_REVIEW,needs_review,,
item-ccc5f88d88f80f05c9a3,microsoft-ai-for-beginners,json-2,GPT is based on transformer architecture,A,,STRUCTURAL_EXPLANATION_NEEDS_SME_REVIEW,needs_review,,
item-dceea2b2ece449966fcd,microsoft-ai-for-beginners,json-3,What is zero-shot learning?,A,,STRUCTURAL_EXPLANATION_NEEDS_SME_REVIEW,needs_review,,
item-814cb7e0add447ca131e,microsoft-ai-for-beginners,json-4,Prompt engineering can be used with,C,,STRUCTURAL_EXPLANATION_NEEDS_SME_REVIEW,needs_review,,
item-2d633b14e7812f702d7e,microsoft-ai-for-beginners,json-5,Which metric can be used to estimate the quality of a language model?,C,,STRUCTURAL_EXPLANATION_NEEDS_SME_REVIEW,needs_review,,
item-0136548d943b45274386,microsoft-ai-for-beginners,json-0,Genetic Algorithms are based on which of the following?,C,,STRUCTURAL_EXPLANATION_NEEDS_SME_REVIEW,needs_review,,
item-cdc035ece39ed449d629,microsoft-ai-for-beginners,json-1,Crossover allows us to combine two solutions together to obtain a new valid solution,A,,STRUCTURAL_EXPLANATION_NEEDS_SME_REVIEW,needs_review,,
item-340a8f9358c7d24172f4,microsoft-ai-for-beginners,json-2,Valid solutions to genetic algorithm can be represented as _____,A,,STRUCTURAL_EXPLANATION_NEEDS_SME_REVIEW,needs_review,,
item-fd128d60c7ed028d4b8e,microsoft-ai-for-beginners,json-3,Genetic Algorithms can solve which of these tasks,C,,STRUCTURAL_EXPLANATION_NEEDS_SME_REVIEW,needs_review,,
item-e5e6ba5690d6bfd673ae,microsoft-ai-for-beginners,json-4,In implementing a genetic algorithm the first step is to randomly select two genes,B,,STRUCTURAL_EXPLANATION_NEEDS_SME_REVIEW,needs_review,,
item-d0744ffa98aa566b11a5,microsoft-ai-for-beginners,json-5,When using Crossover operation the algorithm randomly selects _____ genes,C,,STRUCTURAL_EXPLANATION_NEEDS_SME_REVIEW,needs_review,,
item-acd1ebe36095d8ae3266,microsoft-ai-for-beginners,json-0,"To train RL model, we need",A,,STRUCTURAL_EXPLANATION_NEEDS_SME_REVIEW,needs_review,,
item-def99477943827ddc025,microsoft-ai-for-beginners,json-1,What is a good example of Reinforcement learning:,C,,STRUCTURAL_EXPLANATION_NEEDS_SME_REVIEW,needs_review,,
item-89a126218295eedd8af0,microsoft-ai-for-beginners,json-2,"When creating RL-based chess engine, we need to",B,,STRUCTURAL_EXPLANATION_NEEDS_SME_REVIEW,needs_review,,
item-fa9252514b9aa6f234a3,microsoft-ai-for-beginners,json-3,How does RL training algorithm knows how well it did?,C,,STRUCTURAL_EXPLANATION_NEEDS_SME_REVIEW,needs_review,,
item-984464a0c917695fda65,microsoft-ai-for-beginners,json-4,Which problem(s) is RL is applicable to?,C,,STRUCTURAL_EXPLANATION_NEEDS_SME_REVIEW,needs_review,,
item-6fbd38dd68e97c7c0031,microsoft-ai-for-beginners,json-5,"In Actor-Critic model, critic predicts",A,,STRUCTURAL_EXPLANATION_NEEDS_SME_REVIEW,needs_review,,
item-8dc5f3b70beaf412b8b8,microsoft-ai-for-beginners,json-0,"By modeling the behavior of simple agents, we can understand more complex behaviors of a system.",A,,STRUCTURAL_EXPLANATION_NEEDS_SME_REVIEW,needs_review,,
item-892ddc89678edc2913f3,microsoft-ai-for-beginners,json-1,The principle of metasystem transition is derived from:,C,,STRUCTURAL_EXPLANATION_NEEDS_SME_REVIEW,needs_review,,
item-fc5d3a2bb47ac4357fe8,microsoft-ai-for-beginners,json-2,Multi-Agent systems emerged in the ____:,C,,STRUCTURAL_EXPLANATION_NEEDS_SME_REVIEW,needs_review,,
item-76a9e6cefa038893ecf2,microsoft-ai-for-beginners,json-3,An agent is:,B,,STRUCTURAL_EXPLANATION_NEEDS_SME_REVIEW|VERY_SHORT_STEM,needs_review,,
item-a65e19a3ae88c36fbf64,microsoft-ai-for-beginners,json-4,Reactive agents usually have:,A,,STRUCTURAL_EXPLANATION_NEEDS_SME_REVIEW,needs_review,,
item-788d1f240c3cf9380118,microsoft-ai-for-beginners,json-5,Multi-agent systems are used in:,C,,STRUCTURAL_EXPLANATION_NEEDS_SME_REVIEW,needs_review,,
item-0636462108bcdb3f5b92,microsoft-ai-for-beginners,json-0,Why we need to worry about Ethical AI?,C,,STRUCTURAL_EXPLANATION_NEEDS_SME_REVIEW,needs_review,,
item-2dc5332709d67ad48816,microsoft-ai-for-beginners,json-1,Which is the example of interpretable AI?,A,,STRUCTURAL_EXPLANATION_NEEDS_SME_REVIEW,needs_review,,
item-43fdb8fe303ea4174da8,microsoft-ai-for-beginners,json-2,It is not ethical to use AI in medicine,B,,NEGATIVE_WORDING_REVIEW|STRUCTURAL_EXPLANATION_NEEDS_SME_REVIEW,needs_review,,
item-04311915d18aff709e31,microsoft-ai-for-beginners,json-3,Why an AI model can discriminate?,B,,STRUCTURAL_EXPLANATION_NEEDS_SME_REVIEW,needs_review,,
item-1a6319ca50d33cf133e8,microsoft-ai-for-beginners,json-4,Which of the following is not a principle of Responsible AI?,C,,NEGATIVE_WORDING_REVIEW|STRUCTURAL_EXPLANATION_NEEDS_SME_REVIEW,needs_review,,
item-d2b565e9468d9cb54780,microsoft-ai-for-beginners,json-5,Accountability of an AI system means that,A,,STRUCTURAL_EXPLANATION_NEEDS_SME_REVIEW,needs_review,,
item-99bea8a64e14b26dce0a,microsoft-ai-for-beginners,json-6,Model fairness is related to,B,,STRUCTURAL_EXPLANATION_NEEDS_SME_REVIEW,needs_review,,
item-fe9de931f757a1fd91ec,microsoft-ai-for-beginners,json-0,Early neural networks required,A,,STRUCTURAL_EXPLANATION_NEEDS_SME_REVIEW,needs_review,,
item-0fe7701b06ed31e9da83,microsoft-ai-for-beginners,json-1,A simple neuron is also called a 'threshold logic unit',A,,STRUCTURAL_EXPLANATION_NEEDS_SME_REVIEW,needs_review,,
item-b31900d947e6409f10d6,microsoft-ai-for-beginners,json-2,A perceptron is a ___ type of model,C,,STRUCTURAL_EXPLANATION_NEEDS_SME_REVIEW,needs_review,,
item-b3c71184df28df15eb30,microsoft-ai-for-beginners,json-3,"To train a perceptron, find a weights vector that results in the smallest ___.",B,,STRUCTURAL_EXPLANATION_NEEDS_SME_REVIEW,needs_review,,
item-646fb9545ddeff07770b,microsoft-ai-for-beginners,json-4,"To minimize the function of weights, you can use gradient descent",A,,STRUCTURAL_EXPLANATION_NEEDS_SME_REVIEW,needs_review,,
item-507467480fb300787540,microsoft-ai-for-beginners,json-5,"During gradient descent, each step updates the ___",B,,STRUCTURAL_EXPLANATION_NEEDS_SME_REVIEW,needs_review,,
item-7dd496fbc84de60bd4cb,microsoft-ai-for-beginners,json-0,The quality of prediction is measured by Loss function,A,,STRUCTURAL_EXPLANATION_NEEDS_SME_REVIEW,needs_review,,
item-26cee7ac640346e49bb1,microsoft-ai-for-beginners,json-1,One layer network is capable of classifying ____,B,,STRUCTURAL_EXPLANATION_NEEDS_SME_REVIEW,needs_review,,
item-26f75553147a1f135651,microsoft-ai-for-beginners,json-2,The method of training multi-layered perceptron is called ____,A,,STRUCTURAL_EXPLANATION_NEEDS_SME_REVIEW,needs_review,,
item-e87b8ef08036b0e4c4d3,microsoft-ai-for-beginners,json-3,We use ____ for regression loss functions,C,,COMPOUND_OPTION_REVIEW|STRUCTURAL_EXPLANATION_NEEDS_SME_REVIEW,needs_review,,
item-5f74c27ca56dbec045c7,microsoft-ai-for-beginners,json-4,All but one is a type of classification loss function,B,,STRUCTURAL_EXPLANATION_NEEDS_SME_REVIEW,needs_review,,
item-45f327692b723e4decb7,microsoft-ai-for-beginners,json-5,Cross-entropy loss is a function that can calculate similarity between two arbitrary probability distributions,A,,STRUCTURAL_EXPLANATION_NEEDS_SME_REVIEW,needs_review,,
item-2cdb6f399823581f2110,microsoft-ai-for-beginners,json-0,Deep Neural Network training requires a lot of computations,A,,STRUCTURAL_EXPLANATION_NEEDS_SME_REVIEW,needs_review,,
item-1e9aa13b860d330a0edc,microsoft-ai-for-beginners,json-1,Overfitting occurs because of ____,B,,STRUCTURAL_EXPLANATION_NEEDS_SME_REVIEW,needs_review,,
item-959ea57d4eccbb67e99c,microsoft-ai-for-beginners,json-2,Bias errors are caused by our ____ not being able to capture the relationship between training data correctly.,B,,NEGATIVE_WORDING_REVIEW|STRUCTURAL_EXPLANATION_NEEDS_SME_REVIEW,needs_review,,
item-bf93840a01e6c3027060,microsoft-ai-for-beginners,json-3,"After compiling our model object, we train by calling ____ function",A,,STRUCTURAL_EXPLANATION_NEEDS_SME_REVIEW,needs_review,,
item-71c70d414b6758d7b748,microsoft-ai-for-beginners,json-4,Binary cross-entropy is also called log loss,A,,STRUCTURAL_EXPLANATION_NEEDS_SME_REVIEW,needs_review,,
item-593e83d3528252097631,microsoft-ai-for-beginners,json-5,TensorFlow is to ____ while PyTorch is to ____,B,,STRUCTURAL_EXPLANATION_NEEDS_SME_REVIEW,needs_review,,
item-239582beee2564aa94e0,microsoft-ai-for-beginners,json-0,Computer vision aims to allow computers gain understanding of _____,A,,STRUCTURAL_EXPLANATION_NEEDS_SME_REVIEW,needs_review,,
item-9a9ff43a274b9d790d39,microsoft-ai-for-beginners,json-1,Python libraries available for image processing includes,C,,STRUCTURAL_EXPLANATION_NEEDS_SME_REVIEW,needs_review,,
item-4e478e051095d5320cb5,microsoft-ai-for-beginners,json-2,Images cannot be represented as NumPy arrays in Python,B,,STRUCTURAL_EXPLANATION_NEEDS_SME_REVIEW,needs_review,,
item-3f18720088806adf8459,microsoft-ai-for-beginners,json-3,Optical Flow helps us to understand how each pixel on video frames move.,A,,STRUCTURAL_EXPLANATION_NEEDS_SME_REVIEW,needs_review,,
item-0ef44c836927ab8867ac,microsoft-ai-for-beginners,json-4,_____ computes the vector field that shows where each pixel is moving,B,,STRUCTURAL_EXPLANATION_NEEDS_SME_REVIEW,needs_review,,
item-846a82235debf3d105fb,microsoft-ai-for-beginners,json-5,Resizing and Blurring are steps that can be taken during?,A,,STRUCTURAL_EXPLANATION_NEEDS_SME_REVIEW,needs_review,,
item-688d5e352f07de01bbcd,microsoft-ai-for-beginners,json-0,To extract patterns from images we use?,A,,STRUCTURAL_EXPLANATION_NEEDS_SME_REVIEW,needs_review,,
item-9134c70a507c0fa2b03b,microsoft-ai-for-beginners,json-1,One of these is not a CNN Architecture,C,,NEGATIVE_WORDING_REVIEW|STRUCTURAL_EXPLANATION_NEEDS_SME_REVIEW,needs_review,,
item-6e3b002b7c0f1d16815b,microsoft-ai-for-beginners,json-2,CNN are mostly used for computer vision tasks.,A,,STRUCTURAL_EXPLANATION_NEEDS_SME_REVIEW,needs_review,,
item-64245ed1394b3edae1e1,microsoft-ai-for-beginners,json-3,"Which pooling layer is used ""scale down"" the size of the image",C,,STRUCTURAL_EXPLANATION_NEEDS_SME_REVIEW,needs_review,,
item-0c5fd18f5ff9fd9ac2b5,microsoft-ai-for-beginners,json-4,Convolutional networks generalizes much better,A,,STRUCTURAL_EXPLANATION_NEEDS_SME_REVIEW,needs_review,,
item-f224b760ff6b0894d4f9,microsoft-ai-for-beginners,json-5,"To train our neural network, we need to convert images to tensors",A,,STRUCTURAL_EXPLANATION_NEEDS_SME_REVIEW,needs_review,,
item-f71f4abce148efcd6b2d,microsoft-ai-for-beginners,json-0,Transfer learning approach uses untrained models for classification,B,,STRUCTURAL_EXPLANATION_NEEDS_SME_REVIEW,needs_review,,
item-143e8d4364189705326e,microsoft-ai-for-beginners,json-1,One of these is not a normalization technique?,A,,NEGATIVE_WORDING_REVIEW|STRUCTURAL_EXPLANATION_NEEDS_SME_REVIEW,needs_review,,
item-062d172186c4dd35f8e9,microsoft-ai-for-beginners,json-2,We choose Stochastic Gradient Descent(SGD) in deep learning because classical gradient descent can be ____,B,,STRUCTURAL_EXPLANATION_NEEDS_SME_REVIEW,needs_review,,
item-f42bf8120a5dfa783874,microsoft-ai-for-beginners,json-3,Dropout layers act as a ____ technique,C,,STRUCTURAL_EXPLANATION_NEEDS_SME_REVIEW,needs_review,,
item-eaf8733953342480eb7e,microsoft-ai-for-beginners,json-4,freezing weights of convolutional feature extractor can be done by ____,C,,STRUCTURAL_EXPLANATION_NEEDS_SME_REVIEW,needs_review,,
item-a1e965fd506213c63c8b,microsoft-ai-for-beginners,json-5,Batch normalization is to bring values that flow through the ____ to right interval,C,,STRUCTURAL_EXPLANATION_NEEDS_SME_REVIEW,needs_review,,
item-79642a9051f7a6ce1977,microsoft-ai-for-beginners,json-0,Self-supervised learning uses ____ data for training,B,,STRUCTURAL_EXPLANATION_NEEDS_SME_REVIEW,needs_review,,
item-0133b78ef2e0f166a553,microsoft-ai-for-beginners,json-1,Encoder Network coverts input images into latent spaces,A,,STRUCTURAL_EXPLANATION_NEEDS_SME_REVIEW,needs_review,,
item-1271ff943eeae8208fc6,microsoft-ai-for-beginners,json-2,VAE is short for?,B,,STRUCTURAL_EXPLANATION_NEEDS_SME_REVIEW,needs_review,,
item-fa6edbd42286101bbf0f,microsoft-ai-for-beginners,json-3,Properties of autoencoders include,C,,COMPOUND_OPTION_REVIEW|STRUCTURAL_EXPLANATION_NEEDS_SME_REVIEW,needs_review,,
item-de936c7370643ebd88ee,microsoft-ai-for-beginners,json-4,Auto encoders can be used to effectively remove noise from images,A,,STRUCTURAL_EXPLANATION_NEEDS_SME_REVIEW,needs_review,,
item-b7c4bdf2ebc8d185c0e8,microsoft-ai-for-beginners,json-5,Variational auto-encoders loss function does not consist of which of these?,C,,NEGATIVE_WORDING_REVIEW|STRUCTURAL_EXPLANATION_NEEDS_SME_REVIEW,needs_review,,
