question_id,option_index,option_text,knowledge_point_id,is_correct,misconception_code,misconception_label,remediation_knowledge_point_id,reviewer,reviewed_at,status
ml-q01,0,未来奖励相对当前奖励的权重,rl-discount,true,,正确选项,rl-discount,,,not_applicable
ml-q01,1,状态数量,rl-discount,false,pending-ml-q01-1,待内容负责人填写：该错误选项反映的具体误解,rl-discount,,,waiting_human_confirmation
ml-q01,2,动作数量,rl-discount,false,pending-ml-q01-2,待内容负责人填写：该错误选项反映的具体误解,rl-discount,,,waiting_human_confirmation
ml-q02,0,8,math-prob,false,pending-ml-q02-0,待内容负责人填写：该错误选项反映的具体误解,math-prob,,,waiting_human_confirmation
ml-q02,1,10,math-prob,true,,正确选项,math-prob,,,not_applicable
ml-q02,2,12,math-prob,false,pending-ml-q02-2,待内容负责人填写：该错误选项反映的具体误解,math-prob,,,waiting_human_confirmation
ml-q03,0,状态,rl-mdp,false,pending-ml-q03-0,待内容负责人填写：该错误选项反映的具体误解,rl-mdp,,,waiting_human_confirmation
ml-q03,1,动作,rl-mdp,false,pending-ml-q03-1,待内容负责人填写：该错误选项反映的具体误解,rl-mdp,,,waiting_human_confirmation
ml-q03,2,固定的神经网络层数,rl-mdp,true,,正确选项,rl-mdp,,,not_applicable
ml-q04,0,下一状态的价值,rl-bellman,true,,正确选项,rl-bellman,,,not_applicable
ml-q04,1,随机删除数据,rl-bellman,false,pending-ml-q04-1,待内容负责人填写：该错误选项反映的具体误解,rl-bellman,,,waiting_human_confirmation
ml-q04,2,更多类别标签,rl-bellman,false,pending-ml-q04-2,待内容负责人填写：该错误选项反映的具体误解,rl-bellman,,,waiting_human_confirmation
ml-q05,0,1.25,rl-qlearning,false,pending-ml-q05-0,待内容负责人填写：该错误选项反映的具体误解,rl-qlearning,,,waiting_human_confirmation
ml-q05,1,1.75,rl-qlearning,true,,正确选项,rl-qlearning,,,not_applicable
ml-q05,2,4.00,rl-qlearning,false,pending-ml-q05-2,待内容负责人填写：该错误选项反映的具体误解,rl-qlearning,,,waiting_human_confirmation
ml-q06,0,"状态动作价值 Q(s,a)",rl-qlearning,true,,正确选项,rl-qlearning,,,not_applicable
ml-q06,1,每个样本的固定标签,rl-qlearning,false,pending-ml-q06-1,待内容负责人填写：该错误选项反映的具体误解,rl-qlearning,,,waiting_human_confirmation
ml-q06,2,神经网络的层数,rl-qlearning,false,pending-ml-q06-2,待内容负责人填写：该错误选项反映的具体误解,rl-qlearning,,,waiting_human_confirmation
dl-q01,0,加权求和再加偏置,dl-neuron,true,,正确选项,dl-neuron,,,not_applicable
dl-q01,1,删除所有输入,dl-neuron,false,pending-dl-q01-1,待内容负责人填写：该错误选项反映的具体误解,dl-neuron,,,waiting_human_confirmation
dl-q01,2,随机改变标签,dl-neuron,false,pending-dl-q01-2,待内容负责人填写：该错误选项反映的具体误解,dl-neuron,,,waiting_human_confirmation
dl-q02,0,引入非线性,dl-activation,true,,正确选项,dl-activation,,,not_applicable
dl-q02,1,增加样本数量,dl-activation,false,pending-dl-q02-1,待内容负责人填写：该错误选项反映的具体误解,dl-activation,,,waiting_human_confirmation
dl-q02,2,替代损失函数,dl-activation,false,pending-dl-q02-2,待内容负责人填写：该错误选项反映的具体误解,dl-activation,,,waiting_human_confirmation
dl-q03,0,计算损失,dl-loss,true,,正确选项,dl-loss,,,not_applicable
dl-q03,1,直接删除参数,dl-loss,false,pending-dl-q03-1,待内容负责人填写：该错误选项反映的具体误解,dl-loss,,,waiting_human_confirmation
dl-q03,2,跳过训练,dl-loss,false,pending-dl-q03-2,待内容负责人填写：该错误选项反映的具体误解,dl-loss,,,waiting_human_confirmation
dl-q04,0,计算参数的梯度,dl-backprop,true,,正确选项,dl-backprop,,,not_applicable
dl-q04,1,增加隐藏层数量,dl-backprop,false,pending-dl-q04-1,待内容负责人填写：该错误选项反映的具体误解,dl-backprop,,,waiting_human_confirmation
dl-q04,2,固定预测结果,dl-backprop,false,pending-dl-q04-2,待内容负责人填写：该错误选项反映的具体误解,dl-backprop,,,waiting_human_confirmation
dl-q05,0,"`loss_fn(y_hat,y)`",dl-training,false,pending-dl-q05-0,待内容负责人填写：该错误选项反映的具体误解,dl-training,,,waiting_human_confirmation
dl-q05,1,`loss.backward()`,dl-training,false,pending-dl-q05-1,待内容负责人填写：该错误选项反映的具体误解,dl-training,,,waiting_human_confirmation
dl-q05,2,`optimizer.step()`,dl-training,true,,正确选项,dl-training,,,not_applicable
dl-q06,0,计算预测与标签之间的损失,dl-training,true,,正确选项,dl-training,,,not_applicable
dl-q06,1,直接删除模型参数,dl-training,false,pending-dl-q06-1,待内容负责人填写：该错误选项反映的具体误解,dl-training,,,waiting_human_confirmation
dl-q06,2,跳过反向传播并结束训练,dl-training,false,pending-dl-q06-2,待内容负责人填写：该错误选项反映的具体误解,dl-training,,,waiting_human_confirmation
ml-q07,0,回归,ml-learning-task,true,,正确选项,ml-learning-task,,,not_applicable
ml-q07,1,聚类,ml-learning-task,false,pending-ml-q07-1,待内容负责人填写：该错误选项反映的具体误解,ml-learning-task,,,waiting_human_confirmation
ml-q07,2,排序,ml-learning-task,false,pending-ml-q07-2,待内容负责人填写：该错误选项反映的具体误解,ml-learning-task,,,waiting_human_confirmation
ml-q08,0,根据数据调整模型参数,ml-learning-paradigm,true,,正确选项,ml-learning-paradigm,,,not_applicable
ml-q08,1,固定参数不再变化,ml-learning-paradigm,false,pending-ml-q08-1,待内容负责人填写：该错误选项反映的具体误解,ml-learning-paradigm,,,waiting_human_confirmation
ml-q08,2,只记住每个训练样本,ml-learning-paradigm,false,pending-ml-q08-2,待内容负责人填写：该错误选项反映的具体误解,ml-learning-paradigm,,,waiting_human_confirmation
ml-q09,0,明天的气温,ml-regression,true,,正确选项,ml-regression,,,not_applicable
ml-q09,1,邮件是否垃圾,ml-regression,false,pending-ml-q09-1,待内容负责人填写：该错误选项反映的具体误解,ml-regression,,,waiting_human_confirmation
ml-q09,2,用户属于哪个聚类,ml-regression,false,pending-ml-q09-2,待内容负责人填写：该错误选项反映的具体误解,ml-regression,,,waiting_human_confirmation
ml-q10,0,7,ml-linear-regression,true,,正确选项,ml-linear-regression,,,not_applicable
ml-q10,1,6,ml-linear-regression,false,pending-ml-q10-1,待内容负责人填写：该错误选项反映的具体误解,ml-linear-regression,,,waiting_human_confirmation
ml-q10,2,5,ml-linear-regression,false,pending-ml-q10-2,待内容负责人填写：该错误选项反映的具体误解,ml-linear-regression,,,waiting_human_confirmation
ml-q11,0,属于正类的概率,ml-logistic-regression,true,,正确选项,ml-logistic-regression,,,not_applicable
ml-q11,1,任意连续售价,ml-logistic-regression,false,pending-ml-q11-1,待内容负责人填写：该错误选项反映的具体误解,ml-logistic-regression,,,waiting_human_confirmation
ml-q11,2,聚类中心编号,ml-logistic-regression,false,pending-ml-q11-2,待内容负责人填写：该错误选项反映的具体误解,ml-logistic-regression,,,waiting_human_confirmation
ml-q12,0,2.5,ml-loss-function,false,pending-ml-q12-0,待内容负责人填写：该错误选项反映的具体误解,ml-loss-function,,,waiting_human_confirmation
ml-q12,1,5,ml-loss-function,true,,正确选项,ml-loss-function,,,not_applicable
ml-q12,2,10,ml-loss-function,false,pending-ml-q12-2,待内容负责人填写：该错误选项反映的具体误解,ml-loss-function,,,waiting_human_confirmation
ml-q13,0,负梯度方向,ml-gradient-descent,true,,正确选项,ml-gradient-descent,,,not_applicable
ml-q13,1,正梯度方向,ml-gradient-descent,false,pending-ml-q13-1,待内容负责人填写：该错误选项反映的具体误解,ml-gradient-descent,,,waiting_human_confirmation
ml-q13,2,随机固定方向,ml-gradient-descent,false,pending-ml-q13-2,待内容负责人填写：该错误选项反映的具体误解,ml-gradient-descent,,,waiting_human_confirmation
ml-q14,0,分类,ml-classification,true,,正确选项,ml-classification,,,not_applicable
ml-q14,1,回归,ml-classification,false,pending-ml-q14-1,待内容负责人填写：该错误选项反映的具体误解,ml-classification,,,waiting_human_confirmation
ml-q14,2,降维,ml-classification,false,pending-ml-q14-2,待内容负责人填写：该错误选项反映的具体误解,ml-classification,,,waiting_human_confirmation
ml-q15,0,聚类通常没有预先给定的标签,ml-clustering,true,,正确选项,ml-clustering,,,not_applicable
ml-q15,1,聚类必须预测连续值,ml-clustering,false,pending-ml-q15-1,待内容负责人填写：该错误选项反映的具体误解,ml-clustering,,,waiting_human_confirmation
ml-q15,2,聚类不使用任何数据,ml-clustering,false,pending-ml-q15-2,待内容负责人填写：该错误选项反映的具体误解,ml-clustering,,,waiting_human_confirmation
ml-q16,0,组合多个模型的预测,ml-ensemble,true,,正确选项,ml-ensemble,,,not_applicable
ml-q16,1,只保留一个样本,ml-ensemble,false,pending-ml-q16-1,待内容负责人填写：该错误选项反映的具体误解,ml-ensemble,,,waiting_human_confirmation
ml-q16,2,删除所有弱模型数据,ml-ensemble,false,pending-ml-q16-2,待内容负责人填写：该错误选项反映的具体误解,ml-ensemble,,,waiting_human_confirmation
ml-q17,0,验证集表现,ml-model-selection,true,,正确选项,ml-model-selection,,,not_applicable
ml-q17,1,训练集表现,ml-model-selection,false,pending-ml-q17-1,待内容负责人填写：该错误选项反映的具体误解,ml-model-selection,,,waiting_human_confirmation
ml-q17,2,最终测试集反复调参,ml-model-selection,false,pending-ml-q17-2,待内容负责人填写：该错误选项反映的具体误解,ml-model-selection,,,waiting_human_confirmation
dl-q07,0,"[1,3]",dl-linear-algebra,true,,正确选项,dl-linear-algebra,,,not_applicable
dl-q07,1,"[2,4]",dl-linear-algebra,false,pending-dl-q07-1,待内容负责人填写：该错误选项反映的具体误解,dl-linear-algebra,,,waiting_human_confirmation
dl-q07,2,"[3,7]",dl-linear-algebra,false,pending-dl-q07-2,待内容负责人填写：该错误选项反映的具体误解,dl-linear-algebra,,,waiting_human_confirmation
dl-q08,0,随机变量各可能取值的规律,dl-probability,true,,正确选项,dl-probability,,,not_applicable
dl-q08,1,模型固定层数,dl-probability,false,pending-dl-q08-1,待内容负责人填写：该错误选项反映的具体误解,dl-probability,,,waiting_human_confirmation
dl-q08,2,训练轮数,dl-probability,false,pending-dl-q08-2,待内容负责人填写：该错误选项反映的具体误解,dl-probability,,,waiting_human_confirmation
dl-q09,0,预测与真实值之间的损失,dl-linear-regression,true,,正确选项,dl-linear-regression,,,not_applicable
dl-q09,1,训练数据的行数,dl-linear-regression,false,pending-dl-q09-1,待内容负责人填写：该错误选项反映的具体误解,dl-linear-regression,,,waiting_human_confirmation
dl-q09,2,输入特征的名称数,dl-linear-regression,false,pending-dl-q09-2,待内容负责人填写：该错误选项反映的具体误解,dl-linear-regression,,,waiting_human_confirmation
dl-q10,0,多个互斥类别的概率,dl-softmax,true,,正确选项,dl-softmax,,,not_applicable
dl-q10,1,单个连续房价,dl-softmax,false,pending-dl-q10-1,待内容负责人填写：该错误选项反映的具体误解,dl-softmax,,,waiting_human_confirmation
dl-q10,2,无标签聚类中心,dl-softmax,false,pending-dl-q10-2,待内容负责人填写：该错误选项反映的具体误解,dl-softmax,,,waiting_human_confirmation
dl-q11,0,表示非线性关系,dl-mlp,true,,正确选项,dl-mlp,,,not_applicable
dl-q11,1,取消所有参数,dl-mlp,false,pending-dl-q11-1,待内容负责人填写：该错误选项反映的具体误解,dl-mlp,,,waiting_human_confirmation
dl-q11,2,避免使用数据,dl-mlp,false,pending-dl-q11-2,待内容负责人填写：该错误选项反映的具体误解,dl-mlp,,,waiting_human_confirmation
dl-q12,0,可能发生过拟合,dl-generalization,true,,正确选项,dl-generalization,,,not_applicable
dl-q12,1,模型一定无需调整,dl-generalization,false,pending-dl-q12-1,待内容负责人填写：该错误选项反映的具体误解,dl-generalization,,,waiting_human_confirmation
dl-q12,2,数据必然无标签,dl-generalization,false,pending-dl-q12-2,待内容负责人填写：该错误选项反映的具体误解,dl-generalization,,,waiting_human_confirmation
dl-q13,0,梯度过大或过小,dl-initialization,true,,正确选项,dl-initialization,,,not_applicable
dl-q13,1,自动获得更多标签,dl-initialization,false,pending-dl-q13-1,待内容负责人填写：该错误选项反映的具体误解,dl-initialization,,,waiting_human_confirmation
dl-q13,2,无需训练,dl-initialization,false,pending-dl-q13-2,待内容负责人填写：该错误选项反映的具体误解,dl-initialization,,,waiting_human_confirmation
dl-q14,0,同一卷积核可在不同位置使用,dl-convolution,true,,正确选项,dl-convolution,,,not_applicable
dl-q14,1,每个像素必须一套完全独立参数,dl-convolution,false,pending-dl-q14-1,待内容负责人填写：该错误选项反映的具体误解,dl-convolution,,,waiting_human_confirmation
dl-q14,2,不再需要输入,dl-convolution,false,pending-dl-q14-2,待内容负责人填写：该错误选项反映的具体误解,dl-convolution,,,waiting_human_confirmation
dl-q15,0,减小输出的空间尺寸,dl-padding-stride,true,,正确选项,dl-padding-stride,,,not_applicable
dl-q15,1,增加输入标签数,dl-padding-stride,false,pending-dl-q15-1,待内容负责人填写：该错误选项反映的具体误解,dl-padding-stride,,,waiting_human_confirmation
dl-q15,2,取消卷积核,dl-padding-stride,false,pending-dl-q15-2,待内容负责人填写：该错误选项反映的具体误解,dl-padding-stride,,,waiting_human_confirmation
dl-q16,0,下采样并汇聚局部特征,dl-pooling,true,,正确选项,dl-pooling,,,not_applicable
dl-q16,1,计算全部参数梯度,dl-pooling,false,pending-dl-q16-1,待内容负责人填写：该错误选项反映的具体误解,dl-pooling,,,waiting_human_confirmation
dl-q16,2,产生类别标签,dl-pooling,false,pending-dl-q16-2,待内容负责人填写：该错误选项反映的具体误解,dl-pooling,,,waiting_human_confirmation
dl-q17,0,样本之间存在顺序或时间依赖,dl-sequence,true,,正确选项,dl-sequence,,,not_applicable
dl-q17,1,每个样本完全没有顺序,dl-sequence,false,pending-dl-q17-1,待内容负责人填写：该错误选项反映的具体误解,dl-sequence,,,waiting_human_confirmation
dl-q17,2,只能是图像,dl-sequence,false,pending-dl-q17-2,待内容负责人填写：该错误选项反映的具体误解,dl-sequence,,,waiting_human_confirmation
dl-q18,0,保留先前时间步的信息,dl-rnn,true,,正确选项,dl-rnn,,,not_applicable
dl-q18,1,删除所有历史信息,dl-rnn,false,pending-dl-q18-1,待内容负责人填写：该错误选项反映的具体误解,dl-rnn,,,waiting_human_confirmation
dl-q18,2,固定输出类别数量,dl-rnn,false,pending-dl-q18-2,待内容负责人填写：该错误选项反映的具体误解,dl-rnn,,,waiting_human_confirmation
ml-q01-v2,0,γ 接近 0，例如 0.05,rl-discount,false,pending-ml-q01-v2-0,待内容负责人填写：该错误选项反映的具体误解,rl-discount,,,waiting_human_confirmation
ml-q01-v2,1,γ 接近 1，例如 0.95,rl-discount,true,,正确选项,rl-discount,,,not_applicable
ml-q01-v2,2,把 γ 设为负数,rl-discount,false,pending-ml-q01-v2-2,待内容负责人填写：该错误选项反映的具体误解,rl-discount,,,waiting_human_confirmation
ml-q01-v3,0,2,rl-discount,false,pending-ml-q01-v3-0,待内容负责人填写：该错误选项反映的具体误解,rl-discount,,,waiting_human_confirmation
ml-q01-v3,1,3,rl-discount,true,,正确选项,rl-discount,,,not_applicable
ml-q01-v3,2,5,rl-discount,false,pending-ml-q01-v3-2,待内容负责人填写：该错误选项反映的具体误解,rl-discount,,,waiting_human_confirmation
ml-q01-v4,0,很久以后的奖励,rl-discount,false,pending-ml-q01-v4-0,待内容负责人填写：该错误选项反映的具体误解,rl-discount,,,waiting_human_confirmation
ml-q01-v4,1,即时奖励,rl-discount,true,,正确选项,rl-discount,,,not_applicable
ml-q01-v4,2,两者权重完全不变,rl-discount,false,pending-ml-q01-v4-2,待内容负责人填写：该错误选项反映的具体误解,rl-discount,,,waiting_human_confirmation
ml-q02-v2,0,回报只等于当前一步奖励,math-prob,false,pending-ml-q02-v2-0,待内容负责人填写：该错误选项反映的具体误解,math-prob,,,waiting_human_confirmation
ml-q02-v2,1,回报可以累计当前及未来奖励,math-prob,true,,正确选项,math-prob,,,not_applicable
ml-q02-v2,2,回报只由动作数量决定,math-prob,false,pending-ml-q02-v2-2,待内容负责人填写：该错误选项反映的具体误解,math-prob,,,waiting_human_confirmation
ml-q02-v3,0,4.25,math-prob,true,,正确选项,math-prob,,,not_applicable
ml-q02-v3,1,5,math-prob,false,pending-ml-q02-v3-1,待内容负责人填写：该错误选项反映的具体误解,math-prob,,,waiting_human_confirmation
ml-q02-v3,2,6,math-prob,false,pending-ml-q02-v3-2,待内容负责人填写：该错误选项反映的具体误解,math-prob,,,waiting_human_confirmation
ml-q02-v4,0,该步即时奖励,math-prob,true,,正确选项,math-prob,,,not_applicable
ml-q02-v4,1,下一轮训练的学习率,math-prob,false,pending-ml-q02-v4-1,待内容负责人填写：该错误选项反映的具体误解,math-prob,,,waiting_human_confirmation
ml-q02-v4,2,网络隐藏层数,math-prob,false,pending-ml-q02-v4-2,待内容负责人填写：该错误选项反映的具体误解,math-prob,,,waiting_human_confirmation
ml-q03-v2,0,机器人当前位置,rl-mdp,true,,正确选项,rl-mdp,,,not_applicable
ml-q03-v2,1,训练轮数,rl-mdp,false,pending-ml-q03-v2-1,待内容负责人填写：该错误选项反映的具体误解,rl-mdp,,,waiting_human_confirmation
ml-q03-v2,2,神经网络层数,rl-mdp,false,pending-ml-q03-v2-2,待内容负责人填写：该错误选项反映的具体误解,rl-mdp,,,waiting_human_confirmation
ml-q03-v3,0,选择上行、下行或停留,rl-mdp,true,,正确选项,rl-mdp,,,not_applicable
ml-q03-v3,1,乘客等待时间的负值,rl-mdp,false,pending-ml-q03-v3-1,待内容负责人填写：该错误选项反映的具体误解,rl-mdp,,,waiting_human_confirmation
ml-q03-v3,2,下一层的乘客数量,rl-mdp,false,pending-ml-q03-v3-2,待内容负责人填写：该错误选项反映的具体误解,rl-mdp,,,waiting_human_confirmation
ml-q03-v4,0,采取动作后到达下一状态的可能性,rl-mdp,true,,正确选项,rl-mdp,,,not_applicable
ml-q03-v4,1,模型参数总数,rl-mdp,false,pending-ml-q03-v4-1,待内容负责人填写：该错误选项反映的具体误解,rl-mdp,,,waiting_human_confirmation
ml-q03-v4,2,每轮必定获得的固定奖励,rl-mdp,false,pending-ml-q03-v4-2,待内容负责人填写：该错误选项反映的具体误解,rl-mdp,,,waiting_human_confirmation
ml-q04-v2,0,问题可分解为重叠子问题和递推关系,rl-bellman,true,,正确选项,rl-bellman,,,not_applicable
ml-q04-v2,1,必须使用深度神经网络,rl-bellman,false,pending-ml-q04-v2-1,待内容负责人填写：该错误选项反映的具体误解,rl-bellman,,,waiting_human_confirmation
ml-q04-v2,2,所有奖励都相同,rl-bellman,false,pending-ml-q04-v2-2,待内容负责人填写：该错误选项反映的具体误解,rl-bellman,,,waiting_human_confirmation
ml-q04-v3,0,4,rl-bellman,false,pending-ml-q04-v3-0,待内容负责人填写：该错误选项反映的具体误解,rl-bellman,,,waiting_human_confirmation
ml-q04-v3,1,5,rl-bellman,true,,正确选项,rl-bellman,,,not_applicable
ml-q04-v3,2,8,rl-bellman,false,pending-ml-q04-v3-2,待内容负责人填写：该错误选项反映的具体误解,rl-bellman,,,waiting_human_confirmation
ml-q04-v4,0,下一状态的价值估计,rl-bellman,true,,正确选项,rl-bellman,,,not_applicable
ml-q04-v4,1,数据文件的大小,rl-bellman,false,pending-ml-q04-v4-1,待内容负责人填写：该错误选项反映的具体误解,rl-bellman,,,waiting_human_confirmation
ml-q04-v4,2,当前批次的样本数,rl-bellman,false,pending-ml-q04-v4-2,待内容负责人填写：该错误选项反映的具体误解,rl-bellman,,,waiting_human_confirmation
ml-q05-v2,0,在状态中选择的具体动作,rl-qlearning,true,,正确选项,rl-qlearning,,,not_applicable
ml-q05-v2,1,训练集文件格式,rl-qlearning,false,pending-ml-q05-v2-1,待内容负责人填写：该错误选项反映的具体误解,rl-qlearning,,,waiting_human_confirmation
ml-q05-v2,2,神经元激活函数,rl-qlearning,false,pending-ml-q05-v2-2,待内容负责人填写：该错误选项反映的具体误解,rl-qlearning,,,waiting_human_confirmation
ml-q05-v3,0,新状态下所有动作 Q 值中的最大值,rl-qlearning,true,,正确选项,rl-qlearning,,,not_applicable
ml-q05-v3,1,历史上最小的奖励,rl-qlearning,false,pending-ml-q05-v3-1,待内容负责人填写：该错误选项反映的具体误解,rl-qlearning,,,waiting_human_confirmation
ml-q05-v3,2,当前状态的编号,rl-qlearning,false,pending-ml-q05-v3-2,待内容负责人填写：该错误选项反映的具体误解,rl-qlearning,,,waiting_human_confirmation
ml-q05-v4,0,新观测对旧 Q 值的调整幅度,rl-qlearning,true,,正确选项,rl-qlearning,,,not_applicable
ml-q05-v4,1,状态数量,rl-qlearning,false,pending-ml-q05-v4-1,待内容负责人填写：该错误选项反映的具体误解,rl-qlearning,,,waiting_human_confirmation
ml-q05-v4,2,折扣因子的正负,rl-qlearning,false,pending-ml-q05-v4-2,待内容负责人填写：该错误选项反映的具体误解,rl-qlearning,,,waiting_human_confirmation
ml-q06-v2,0,Q 值为 3.2 的动作,rl-qlearning,true,,正确选项,rl-qlearning,,,not_applicable
ml-q06-v2,1,Q 值为 2.7 的动作,rl-qlearning,false,pending-ml-q06-v2-1,待内容负责人填写：该错误选项反映的具体误解,rl-qlearning,,,waiting_human_confirmation
ml-q06-v2,2,随机丢弃两个动作,rl-qlearning,false,pending-ml-q06-v2-2,待内容负责人填写：该错误选项反映的具体误解,rl-qlearning,,,waiting_human_confirmation
ml-q06-v3,0,0,rl-qlearning,true,,正确选项,rl-qlearning,,,not_applicable
ml-q06-v3,1,当前 Q 表最大元素,rl-qlearning,false,pending-ml-q06-v3-1,待内容负责人填写：该错误选项反映的具体误解,rl-qlearning,,,waiting_human_confirmation
ml-q06-v3,2,动作总数,rl-qlearning,false,pending-ml-q06-v3-2,待内容负责人填写：该错误选项反映的具体误解,rl-qlearning,,,waiting_human_confirmation
ml-q06-v4,0,无模型价值学习,rl-qlearning,true,,正确选项,rl-qlearning,,,not_applicable
ml-q06-v4,1,监督分类,rl-qlearning,false,pending-ml-q06-v4-1,待内容负责人填写：该错误选项反映的具体误解,rl-qlearning,,,waiting_human_confirmation
ml-q06-v4,2,无监督聚类,rl-qlearning,false,pending-ml-q06-v4-2,待内容负责人填写：该错误选项反映的具体误解,rl-qlearning,,,waiting_human_confirmation
dl-q01-v2,0,1,dl-neuron,true,,正确选项,dl-neuron,,,not_applicable
dl-q01-v2,1,2,dl-neuron,false,pending-dl-q01-v2-1,待内容负责人填写：该错误选项反映的具体误解,dl-neuron,,,waiting_human_confirmation
dl-q01-v2,2,3,dl-neuron,false,pending-dl-q01-v2-2,待内容负责人填写：该错误选项反映的具体误解,dl-neuron,,,waiting_human_confirmation
dl-q01-v3,0,0,dl-neuron,false,pending-dl-q01-v3-0,待内容负责人填写：该错误选项反映的具体误解,dl-neuron,,,waiting_human_confirmation
dl-q01-v3,1,2,dl-neuron,true,,正确选项,dl-neuron,,,not_applicable
dl-q01-v3,2,无法确定,dl-neuron,false,pending-dl-q01-v3-2,待内容负责人填写：该错误选项反映的具体误解,dl-neuron,,,waiting_human_confirmation
dl-q01-v4,0,平移线性变换的输出,dl-neuron,true,,正确选项,dl-neuron,,,not_applicable
dl-q01-v4,1,删除输入特征,dl-neuron,false,pending-dl-q01-v4-1,待内容负责人填写：该错误选项反映的具体误解,dl-neuron,,,waiting_human_confirmation
dl-q01-v4,2,保证输出一定为 0,dl-neuron,false,pending-dl-q01-v4-2,待内容负责人填写：该错误选项反映的具体误解,dl-neuron,,,waiting_human_confirmation
dl-q02-v2,0,整体仍是线性变换,dl-activation,true,,正确选项,dl-activation,,,not_applicable
dl-q02-v2,1,一定能表示任意非线性函数,dl-activation,false,pending-dl-q02-v2-1,待内容负责人填写：该错误选项反映的具体误解,dl-activation,,,waiting_human_confirmation
dl-q02-v2,2,不再需要参数,dl-activation,false,pending-dl-q02-v2-2,待内容负责人填写：该错误选项反映的具体误解,dl-activation,,,waiting_human_confirmation
dl-q02-v3,0,-2、3,dl-activation,false,pending-dl-q02-v3-0,待内容负责人填写：该错误选项反映的具体误解,dl-activation,,,waiting_human_confirmation
dl-q02-v3,1,0、3,dl-activation,true,,正确选项,dl-activation,,,not_applicable
dl-q02-v3,2,0、0,dl-activation,false,pending-dl-q02-v3-2,待内容负责人填写：该错误选项反映的具体误解,dl-activation,,,waiting_human_confirmation
dl-q02-v4,0,否则多层网络会退化为线性映射,dl-activation,true,,正确选项,dl-activation,,,not_applicable
dl-q02-v4,1,为了增加训练样本,dl-activation,false,pending-dl-q02-v4-1,待内容负责人填写：该错误选项反映的具体误解,dl-activation,,,waiting_human_confirmation
dl-q02-v4,2,为了替代优化器,dl-activation,false,pending-dl-q02-v4-2,待内容负责人填写：该错误选项反映的具体误解,dl-activation,,,waiting_human_confirmation
dl-q03-v2,0,用当前参数从输入计算预测,dl-loss,true,,正确选项,dl-loss,,,not_applicable
dl-q03-v2,1,直接修改梯度,dl-loss,false,pending-dl-q03-v2-1,待内容负责人填写：该错误选项反映的具体误解,dl-loss,,,waiting_human_confirmation
dl-q03-v2,2,删除训练样本,dl-loss,false,pending-dl-q03-v2-2,待内容负责人填写：该错误选项反映的具体误解,dl-loss,,,waiting_human_confirmation
dl-q03-v3,0,"`loss = loss_fn(y_hat, y)`",dl-loss,true,,正确选项,dl-loss,,,not_applicable
dl-q03-v3,1,`optimizer.step()`,dl-loss,false,pending-dl-q03-v3-1,待内容负责人填写：该错误选项反映的具体误解,dl-loss,,,waiting_human_confirmation
dl-q03-v3,2,`del y_hat`,dl-loss,false,pending-dl-q03-v3-2,待内容负责人填写：该错误选项反映的具体误解,dl-loss,,,waiting_human_confirmation
dl-q03-v4,0,相同预测,dl-loss,true,,正确选项,dl-loss,,,not_applicable
dl-q03-v4,1,随机梯度,dl-loss,false,pending-dl-q03-v4-1,待内容负责人填写：该错误选项反映的具体误解,dl-loss,,,waiting_human_confirmation
dl-q03-v4,2,更多训练标签,dl-loss,false,pending-dl-q03-v4-2,待内容负责人填写：该错误选项反映的具体误解,dl-loss,,,waiting_human_confirmation
dl-q03-v5,0,1,dl-loss,true,,正确选项,dl-loss,,,not_applicable
dl-q03-v5,1,4,dl-loss,false,pending-dl-q03-v5-1,待内容负责人填写：该错误选项反映的具体误解,dl-loss,,,waiting_human_confirmation
dl-q03-v5,2,9,dl-loss,false,pending-dl-q03-v5-2,待内容负责人填写：该错误选项反映的具体误解,dl-loss,,,waiting_human_confirmation
dl-q04-v2,0,链式法则,dl-backprop,true,,正确选项,dl-backprop,,,not_applicable
dl-q04-v2,1,鸽巢原理,dl-backprop,false,pending-dl-q04-v2-1,待内容负责人填写：该错误选项反映的具体误解,dl-backprop,,,waiting_human_confirmation
dl-q04-v2,2,贝叶斯先验,dl-backprop,false,pending-dl-q04-v2-2,待内容负责人填写：该错误选项反映的具体误解,dl-backprop,,,waiting_human_confirmation
dl-q04-v3,0,-6,dl-backprop,true,,正确选项,dl-backprop,,,not_applicable
dl-q04-v3,1,-3,dl-backprop,false,pending-dl-q04-v3-1,待内容负责人填写：该错误选项反映的具体误解,dl-backprop,,,waiting_human_confirmation
dl-q04-v3,2,6,dl-backprop,false,pending-dl-q04-v3-2,待内容负责人填写：该错误选项反映的具体误解,dl-backprop,,,waiting_human_confirmation
dl-q04-v4,0,决定参数更新方向和步长,dl-backprop,true,,正确选项,dl-backprop,,,not_applicable
dl-q04-v4,1,确定类别数量,dl-backprop,false,pending-dl-q04-v4-1,待内容负责人填写：该错误选项反映的具体误解,dl-backprop,,,waiting_human_confirmation
dl-q04-v4,2,替代输入数据,dl-backprop,false,pending-dl-q04-v4-2,待内容负责人填写：该错误选项反映的具体误解,dl-backprop,,,waiting_human_confirmation
dl-q05-v2,0,清除上一批次累积的梯度,dl-training,true,,正确选项,dl-training,,,not_applicable
dl-q05-v2,1,删除模型参数,dl-training,false,pending-dl-q05-v2-1,待内容负责人填写：该错误选项反映的具体误解,dl-training,,,waiting_human_confirmation
dl-q05-v2,2,计算测试集准确率,dl-training,false,pending-dl-q05-v2-2,待内容负责人填写：该错误选项反映的具体误解,dl-training,,,waiting_human_confirmation
dl-q05-v3,0,降低学习率并观察稳定性,dl-training,true,,正确选项,dl-training,,,not_applicable
dl-q05-v3,1,删除全部训练数据,dl-training,false,pending-dl-q05-v3-1,待内容负责人填写：该错误选项反映的具体误解,dl-training,,,waiting_human_confirmation
dl-q05-v3,2,把标签都改成 0,dl-training,false,pending-dl-q05-v3-2,待内容负责人填写：该错误选项反映的具体误解,dl-training,,,waiting_human_confirmation
dl-q05-v4,0,前向→损失→清梯度→反向→更新,dl-training,true,,正确选项,dl-training,,,not_applicable
dl-q05-v4,1,更新→前向→删除损失,dl-training,false,pending-dl-q05-v4-1,待内容负责人填写：该错误选项反映的具体误解,dl-training,,,waiting_human_confirmation
dl-q05-v4,2,反向→不计算损失→更新,dl-training,false,pending-dl-q05-v4-2,待内容负责人填写：该错误选项反映的具体误解,dl-training,,,waiting_human_confirmation
dl-q06-v2,0,模型预测与真实标签,dl-training,true,,正确选项,dl-training,,,not_applicable
dl-q06-v2,1,学习率与批次大小,dl-training,false,pending-dl-q06-v2-1,待内容负责人填写：该错误选项反映的具体误解,dl-training,,,waiting_human_confirmation
dl-q06-v2,2,层数与文件名,dl-training,false,pending-dl-q06-v2-2,待内容负责人填写：该错误选项反映的具体误解,dl-training,,,waiting_human_confirmation
dl-q06-v3,0,`loss.backward(); optimizer.step()`,dl-training,true,,正确选项,dl-training,,,not_applicable
dl-q06-v3,1,"`loss = loss_fn(y_hat,y); print(loss)`",dl-training,false,pending-dl-q06-v3-1,待内容负责人填写：该错误选项反映的具体误解,dl-training,,,waiting_human_confirmation
dl-q06-v3,2,`optimizer.zero_grad(); break`,dl-training,false,pending-dl-q06-v3-2,待内容负责人填写：该错误选项反映的具体误解,dl-training,,,waiting_human_confirmation
dl-q06-v4,0,没有当前损失对应的新梯度可用于更新,dl-training,true,,正确选项,dl-training,,,not_applicable
dl-q06-v4,1,自动得到最佳模型,dl-training,false,pending-dl-q06-v4-1,待内容负责人填写：该错误选项反映的具体误解,dl-training,,,waiting_human_confirmation
dl-q06-v4,2,标签数会翻倍,dl-training,false,pending-dl-q06-v4-2,待内容负责人填写：该错误选项反映的具体误解,dl-training,,,waiting_human_confirmation
ml-q07-v2,0,监督学习使用带目标标签的数据,ml-learning-task,true,,正确选项,ml-learning-task,,,not_applicable
ml-q07-v2,1,无监督学习一定不使用数据,ml-learning-task,false,pending-ml-q07-v2-1,待内容负责人填写：该错误选项反映的具体误解,ml-learning-task,,,waiting_human_confirmation
ml-q07-v2,2,监督学习不能预测数值,ml-learning-task,false,pending-ml-q07-v2-2,待内容负责人填写：该错误选项反映的具体误解,ml-learning-task,,,waiting_human_confirmation
ml-q07-v3,0,聚类,ml-learning-task,true,,正确选项,ml-learning-task,,,not_applicable
ml-q07-v3,1,回归,ml-learning-task,false,pending-ml-q07-v3-1,待内容负责人填写：该错误选项反映的具体误解,ml-learning-task,,,waiting_human_confirmation
ml-q07-v3,2,序列标注,ml-learning-task,false,pending-ml-q07-v3-2,待内容负责人填写：该错误选项反映的具体误解,ml-learning-task,,,waiting_human_confirmation
ml-q07-v4,0,回归,ml-learning-task,true,,正确选项,ml-learning-task,,,not_applicable
ml-q07-v4,1,二分类,ml-learning-task,false,pending-ml-q07-v4-1,待内容负责人填写：该错误选项反映的具体误解,ml-learning-task,,,waiting_human_confirmation
ml-q07-v4,2,聚类,ml-learning-task,false,pending-ml-q07-v4-2,待内容负责人填写：该错误选项反映的具体误解,ml-learning-task,,,waiting_human_confirmation
ml-q07-v5,0,分类,ml-learning-task,true,,正确选项,ml-learning-task,,,not_applicable
ml-q07-v5,1,回归,ml-learning-task,false,pending-ml-q07-v5-1,待内容负责人填写：该错误选项反映的具体误解,ml-learning-task,,,waiting_human_confirmation
ml-q07-v5,2,降维,ml-learning-task,false,pending-ml-q07-v5-2,待内容负责人填写：该错误选项反映的具体误解,ml-learning-task,,,waiting_human_confirmation
ml-q08-v2,0,用验证集检查模型对未参与拟合数据的表现,ml-learning-paradigm,true,,正确选项,ml-learning-paradigm,,,not_applicable
ml-q08-v2,1,因为验证集专门用来记住答案,ml-learning-paradigm,false,pending-ml-q08-v2-1,待内容负责人填写：该错误选项反映的具体误解,ml-learning-paradigm,,,waiting_human_confirmation
ml-q08-v2,2,为了让参数永远不更新,ml-learning-paradigm,false,pending-ml-q08-v2-2,待内容负责人填写：该错误选项反映的具体误解,ml-learning-paradigm,,,waiting_human_confirmation
ml-q08-v3,0,过拟合与泛化问题,ml-learning-paradigm,true,,正确选项,ml-learning-paradigm,,,not_applicable
ml-q08-v3,1,把训练集重复复制,ml-learning-paradigm,false,pending-ml-q08-v3-1,待内容负责人填写：该错误选项反映的具体误解,ml-learning-paradigm,,,waiting_human_confirmation
ml-q08-v3,2,固定所有参数不再训练,ml-learning-paradigm,false,pending-ml-q08-v3-2,待内容负责人填写：该错误选项反映的具体误解,ml-learning-paradigm,,,waiting_human_confirmation
ml-q08-v4,0,根据数据调整参数以改善任务表现,ml-learning-paradigm,true,,正确选项,ml-learning-paradigm,,,not_applicable
ml-q08-v4,1,把所有输入文件删除,ml-learning-paradigm,false,pending-ml-q08-v4-1,待内容负责人填写：该错误选项反映的具体误解,ml-learning-paradigm,,,waiting_human_confirmation
ml-q08-v4,2,为每个样本手写固定答案,ml-learning-paradigm,false,pending-ml-q08-v4-2,待内容负责人填写：该错误选项反映的具体误解,ml-learning-paradigm,,,waiting_human_confirmation
ml-q09-v2,0,连续数值,ml-regression,true,,正确选项,ml-regression,,,not_applicable
ml-q09-v2,1,互斥类别名称,ml-regression,false,pending-ml-q09-v2-1,待内容负责人填写：该错误选项反映的具体误解,ml-regression,,,waiting_human_confirmation
ml-q09-v2,2,无标签分组编号,ml-regression,false,pending-ml-q09-v2-2,待内容负责人填写：该错误选项反映的具体误解,ml-regression,,,waiting_human_confirmation
ml-q09-v3,0,成交价格,ml-regression,true,,正确选项,ml-regression,,,not_applicable
ml-q09-v3,1,品牌名称列表,ml-regression,false,pending-ml-q09-v3-1,待内容负责人填写：该错误选项反映的具体误解,ml-regression,,,waiting_human_confirmation
ml-q09-v3,2,训练轮数,ml-regression,false,pending-ml-q09-v3-2,待内容负责人填写：该错误选项反映的具体误解,ml-regression,,,waiting_human_confirmation
ml-q09-v4,0,一个连续数值,ml-regression,true,,正确选项,ml-regression,,,not_applicable
ml-q09-v4,1,一个固定类别,ml-regression,false,pending-ml-q09-v4-1,待内容负责人填写：该错误选项反映的具体误解,ml-regression,,,waiting_human_confirmation
ml-q09-v4,2,一个聚类中心,ml-regression,false,pending-ml-q09-v4-2,待内容负责人填写：该错误选项反映的具体误解,ml-regression,,,waiting_human_confirmation
ml-q10-v2,0,输入变化对预测的线性影响系数,ml-linear-regression,true,,正确选项,ml-linear-regression,,,not_applicable
ml-q10-v2,1,训练样本数量,ml-linear-regression,false,pending-ml-q10-v2-1,待内容负责人填写：该错误选项反映的具体误解,ml-linear-regression,,,waiting_human_confirmation
ml-q10-v2,2,类别总数,ml-linear-regression,false,pending-ml-q10-v2-2,待内容负责人填写：该错误选项反映的具体误解,ml-linear-regression,,,waiting_human_confirmation
ml-q10-v3,0,`y_hat = X @ w + b`,ml-linear-regression,true,,正确选项,ml-linear-regression,,,not_applicable
ml-q10-v3,1,`y_hat = X / y`,ml-linear-regression,false,pending-ml-q10-v3-1,待内容负责人填写：该错误选项反映的具体误解,ml-linear-regression,,,waiting_human_confirmation
ml-q10-v3,2,`w = y_hat + labels`,ml-linear-regression,false,pending-ml-q10-v3-2,待内容负责人填写：该错误选项反映的具体误解,ml-linear-regression,,,waiting_human_confirmation
ml-q10-v4,0,整体增加 1,ml-linear-regression,true,,正确选项,ml-linear-regression,,,not_applicable
ml-q10-v4,1,整体减少 1,ml-linear-regression,false,pending-ml-q10-v4-1,待内容负责人填写：该错误选项反映的具体误解,ml-linear-regression,,,waiting_human_confirmation
ml-q10-v4,2,完全不变,ml-linear-regression,false,pending-ml-q10-v4-2,待内容负责人填写：该错误选项反映的具体误解,ml-linear-regression,,,waiting_human_confirmation
ml-q11-v2,0,欺诈,ml-logistic-regression,true,,正确选项,ml-logistic-regression,,,not_applicable
ml-q11-v2,1,非欺诈,ml-logistic-regression,false,pending-ml-q11-v2-1,待内容负责人填写：该错误选项反映的具体误解,ml-logistic-regression,,,waiting_human_confirmation
ml-q11-v2,2,聚类中心,ml-logistic-regression,false,pending-ml-q11-v2-2,待内容负责人填写：该错误选项反映的具体误解,ml-logistic-regression,,,waiting_human_confirmation
ml-q11-v3,0,0.5,ml-logistic-regression,true,,正确选项,ml-logistic-regression,,,not_applicable
ml-q11-v3,1,0,ml-logistic-regression,false,pending-ml-q11-v3-1,待内容负责人填写：该错误选项反映的具体误解,ml-logistic-regression,,,waiting_human_confirmation
ml-q11-v3,2,1,ml-logistic-regression,false,pending-ml-q11-v3-2,待内容负责人填写：该错误选项反映的具体误解,ml-logistic-regression,,,waiting_human_confirmation
ml-q11-v4,0,预测概率与设定阈值的比较,ml-logistic-regression,true,,正确选项,ml-logistic-regression,,,not_applicable
ml-q11-v4,1,样本文件大小,ml-logistic-regression,false,pending-ml-q11-v4-1,待内容负责人填写：该错误选项反映的具体误解,ml-logistic-regression,,,waiting_human_confirmation
ml-q11-v4,2,随机种子名称,ml-logistic-regression,false,pending-ml-q11-v4-2,待内容负责人填写：该错误选项反映的具体误解,ml-logistic-regression,,,waiting_human_confirmation
ml-q12-v2,0,让预测与真实目标更一致,ml-loss-function,true,,正确选项,ml-loss-function,,,not_applicable
ml-q12-v2,1,增加网络层数,ml-loss-function,false,pending-ml-q12-v2-1,待内容负责人填写：该错误选项反映的具体误解,ml-loss-function,,,waiting_human_confirmation
ml-q12-v2,2,减少特征数量到零,ml-loss-function,false,pending-ml-q12-v2-2,待内容负责人填写：该错误选项反映的具体误解,ml-loss-function,,,waiting_human_confirmation
ml-q12-v3,0,4,ml-loss-function,false,pending-ml-q12-v3-0,待内容负责人填写：该错误选项反映的具体误解,ml-loss-function,,,waiting_human_confirmation
ml-q12-v3,1,6.5,ml-loss-function,true,,正确选项,ml-loss-function,,,not_applicable
ml-q12-v3,2,13,ml-loss-function,false,pending-ml-q12-v3-2,待内容负责人填写：该错误选项反映的具体误解,ml-loss-function,,,waiting_human_confirmation
ml-q12-v4,0,0,ml-loss-function,true,,正确选项,ml-loss-function,,,not_applicable
ml-q12-v4,1,1,ml-loss-function,false,pending-ml-q12-v4-1,待内容负责人填写：该错误选项反映的具体误解,ml-loss-function,,,waiting_human_confirmation
ml-q12-v4,2,无法定义,ml-loss-function,false,pending-ml-q12-v4-2,待内容负责人填写：该错误选项反映的具体误解,ml-loss-function,,,waiting_human_confirmation
ml-q13-v2,0,4.8,ml-gradient-descent,true,,正确选项,ml-gradient-descent,,,not_applicable
ml-q13-v2,1,5.2,ml-gradient-descent,false,pending-ml-q13-v2-1,待内容负责人填写：该错误选项反映的具体误解,ml-gradient-descent,,,waiting_human_confirmation
ml-q13-v2,2,7,ml-gradient-descent,false,pending-ml-q13-v2-2,待内容负责人填写：该错误选项反映的具体误解,ml-gradient-descent,,,waiting_human_confirmation
ml-q13-v3,0,`w = w - lr * grad_w`,ml-gradient-descent,true,,正确选项,ml-gradient-descent,,,not_applicable
ml-q13-v3,1,`w = w + lr * grad_w`,ml-gradient-descent,false,pending-ml-q13-v3-1,待内容负责人填写：该错误选项反映的具体误解,ml-gradient-descent,,,waiting_human_confirmation
ml-q13-v3,2,`grad_w = 0; w = 0`,ml-gradient-descent,false,pending-ml-q13-v3-2,待内容负责人填写：该错误选项反映的具体误解,ml-gradient-descent,,,waiting_human_confirmation
ml-q13-v4,0,在最优点附近震荡或发散,ml-gradient-descent,true,,正确选项,ml-gradient-descent,,,not_applicable
ml-q13-v4,1,自动获得更多数据,ml-gradient-descent,false,pending-ml-q13-v4-1,待内容负责人填写：该错误选项反映的具体误解,ml-gradient-descent,,,waiting_human_confirmation
ml-q13-v4,2,梯度一定变为零,ml-gradient-descent,false,pending-ml-q13-v4-2,待内容负责人填写：该错误选项反映的具体误解,ml-gradient-descent,,,waiting_human_confirmation
ml-q14-v2,0,有限个离散类别之一,ml-classification,true,,正确选项,ml-classification,,,not_applicable
ml-q14-v2,1,任意连续实数,ml-classification,false,pending-ml-q14-v2-1,待内容负责人填写：该错误选项反映的具体误解,ml-classification,,,waiting_human_confirmation
ml-q14-v2,2,没有任何观测,ml-classification,false,pending-ml-q14-v2-2,待内容负责人填写：该错误选项反映的具体误解,ml-classification,,,waiting_human_confirmation
ml-q14-v3,0,召回率,ml-classification,true,,正确选项,ml-classification,,,not_applicable
ml-q14-v3,1,训练集文件大小,ml-classification,false,pending-ml-q14-v3-1,待内容负责人填写：该错误选项反映的具体误解,ml-classification,,,waiting_human_confirmation
ml-q14-v3,2,模型参数个数,ml-classification,false,pending-ml-q14-v3-2,待内容负责人填写：该错误选项反映的具体误解,ml-classification,,,waiting_human_confirmation
ml-q14-v4,0,三个类别,ml-classification,true,,正确选项,ml-classification,,,not_applicable
ml-q14-v4,1,一个连续房价,ml-classification,false,pending-ml-q14-v4-1,待内容负责人填写：该错误选项反映的具体误解,ml-classification,,,waiting_human_confirmation
ml-q14-v4,2,若干无标签簇,ml-classification,false,pending-ml-q14-v4-2,待内容负责人填写：该错误选项反映的具体误解,ml-classification,,,waiting_human_confirmation
ml-q15-v2,0,聚类,ml-clustering,true,,正确选项,ml-clustering,,,not_applicable
ml-q15-v2,1,二分类,ml-clustering,false,pending-ml-q15-v2-1,待内容负责人填写：该错误选项反映的具体误解,ml-clustering,,,waiting_human_confirmation
ml-q15-v2,2,线性回归,ml-clustering,false,pending-ml-q15-v2-2,待内容负责人填写：该错误选项反映的具体误解,ml-clustering,,,waiting_human_confirmation
ml-q15-v3,0,分类通常依赖已知标签，聚类不依赖,ml-clustering,true,,正确选项,ml-clustering,,,not_applicable
ml-q15-v3,1,聚类只能预测连续值,ml-clustering,false,pending-ml-q15-v3-1,待内容负责人填写：该错误选项反映的具体误解,ml-clustering,,,waiting_human_confirmation
ml-q15-v3,2,分类不能使用特征,ml-clustering,false,pending-ml-q15-v3-2,待内容负责人填写：该错误选项反映的具体误解,ml-clustering,,,waiting_human_confirmation
ml-q15-v4,0,彼此更相似,ml-clustering,true,,正确选项,ml-clustering,,,not_applicable
ml-q15-v4,1,标签更多,ml-clustering,false,pending-ml-q15-v4-1,待内容负责人填写：该错误选项反映的具体误解,ml-clustering,,,waiting_human_confirmation
ml-q15-v4,2,时间顺序更长,ml-clustering,false,pending-ml-q15-v4-2,待内容负责人填写：该错误选项反映的具体误解,ml-clustering,,,waiting_human_confirmation
ml-q16-v2,0,集成学习,ml-ensemble,true,,正确选项,ml-ensemble,,,not_applicable
ml-q16-v2,1,单一线性回归,ml-ensemble,false,pending-ml-q16-v2-1,待内容负责人填写：该错误选项反映的具体误解,ml-ensemble,,,waiting_human_confirmation
ml-q16-v2,2,无监督降维,ml-ensemble,false,pending-ml-q16-v2-2,待内容负责人填写：该错误选项反映的具体误解,ml-ensemble,,,waiting_human_confirmation
ml-q16-v3,0,Boosting 常序列地关注前一轮难分样本,ml-ensemble,true,,正确选项,ml-ensemble,,,not_applicable
ml-q16-v3,1,Bagging 不使用任何模型,ml-ensemble,false,pending-ml-q16-v3-1,待内容负责人填写：该错误选项反映的具体误解,ml-ensemble,,,waiting_human_confirmation
ml-q16-v3,2,Boosting 只能做聚类,ml-ensemble,false,pending-ml-q16-v3-2,待内容负责人填写：该错误选项反映的具体误解,ml-ensemble,,,waiting_human_confirmation
ml-q16-v4,0,不同模型的误差可部分互补,ml-ensemble,true,,正确选项,ml-ensemble,,,not_applicable
ml-q16-v4,1,它删除全部训练数据,ml-ensemble,false,pending-ml-q16-v4-1,待内容负责人填写：该错误选项反映的具体误解,ml-ensemble,,,waiting_human_confirmation
ml-q16-v4,2,它保证没有参数,ml-ensemble,false,pending-ml-q16-v4-2,待内容负责人填写：该错误选项反映的具体误解,ml-ensemble,,,waiting_human_confirmation
ml-q17-v2,0,训练拟合参数，验证选择方案，测试做最终一次评估,ml-model-selection,true,,正确选项,ml-model-selection,,,not_applicable
ml-q17-v2,1,测试集反复调参，验证集从不使用,ml-model-selection,false,pending-ml-q17-v2-1,待内容负责人填写：该错误选项反映的具体误解,ml-model-selection,,,waiting_human_confirmation
ml-q17-v2,2,三者必须完全相同,ml-model-selection,false,pending-ml-q17-v2-2,待内容负责人填写：该错误选项反映的具体误解,ml-model-selection,,,waiting_human_confirmation
ml-q17-v3,0,验证集,ml-model-selection,true,,正确选项,ml-model-selection,,,not_applicable
ml-q17-v3,1,训练集,ml-model-selection,false,pending-ml-q17-v3-1,待内容负责人填写：该错误选项反映的具体误解,ml-model-selection,,,waiting_human_confirmation
ml-q17-v3,2,最终测试集反复多次,ml-model-selection,false,pending-ml-q17-v3-2,待内容负责人填写：该错误选项反映的具体误解,ml-model-selection,,,waiting_human_confirmation
ml-q17-v4,0,会把测试集信息泄露进模型选择过程,ml-model-selection,true,,正确选项,ml-model-selection,,,not_applicable
ml-q17-v4,1,测试集没有标签,ml-model-selection,false,pending-ml-q17-v4-1,待内容负责人填写：该错误选项反映的具体误解,ml-model-selection,,,waiting_human_confirmation
ml-q17-v4,2,测试集只能保存图片,ml-model-selection,false,pending-ml-q17-v4-2,待内容负责人填写：该错误选项反映的具体误解,ml-model-selection,,,waiting_human_confirmation
dl-q07-v2,0,可并行执行多个样本的线性变换,dl-linear-algebra,true,,正确选项,dl-linear-algebra,,,not_applicable
dl-q07-v2,1,自动产生标签,dl-linear-algebra,false,pending-dl-q07-v2-1,待内容负责人填写：该错误选项反映的具体误解,dl-linear-algebra,,,waiting_human_confirmation
dl-q07-v2,2,取消所有权重,dl-linear-algebra,false,pending-dl-q07-v2-2,待内容负责人填写：该错误选项反映的具体误解,dl-linear-algebra,,,waiting_human_confirmation
dl-q07-v3,0,2×4,dl-linear-algebra,true,,正确选项,dl-linear-algebra,,,not_applicable
dl-q07-v3,1,3×3,dl-linear-algebra,false,pending-dl-q07-v3-1,待内容负责人填写：该错误选项反映的具体误解,dl-linear-algebra,,,waiting_human_confirmation
dl-q07-v3,2,4×2,dl-linear-algebra,false,pending-dl-q07-v3-2,待内容负责人填写：该错误选项反映的具体误解,dl-linear-algebra,,,waiting_human_confirmation
dl-q07-v4,0,5×3,dl-linear-algebra,true,,正确选项,dl-linear-algebra,,,not_applicable
dl-q07-v4,1,3×5×3,dl-linear-algebra,false,pending-dl-q07-v4-1,待内容负责人填写：该错误选项反映的具体误解,dl-linear-algebra,,,waiting_human_confirmation
dl-q07-v4,2,5×5,dl-linear-algebra,false,pending-dl-q07-v4-2,待内容负责人填写：该错误选项反映的具体误解,dl-linear-algebra,,,waiting_human_confirmation
dl-q08-v2,0,1/4,dl-probability,false,pending-dl-q08-v2-0,待内容负责人填写：该错误选项反映的具体误解,dl-probability,,,waiting_human_confirmation
dl-q08-v2,1,1/2,dl-probability,true,,正确选项,dl-probability,,,not_applicable
dl-q08-v2,2,3/4,dl-probability,false,pending-dl-q08-v2-2,待内容负责人填写：该错误选项反映的具体误解,dl-probability,,,waiting_human_confirmation
dl-q08-v3,0,两类概率之和为 1，第一类更可能,dl-probability,true,,正确选项,dl-probability,,,not_applicable
dl-q08-v3,1,第一类一定真实,dl-probability,false,pending-dl-q08-v3-1,待内容负责人填写：该错误选项反映的具体误解,dl-probability,,,waiting_human_confirmation
dl-q08-v3,2,概率不能用于分类,dl-probability,false,pending-dl-q08-v3-2,待内容负责人填写：该错误选项反映的具体误解,dl-probability,,,waiting_human_confirmation
dl-q08-v4,0,在当前模型下不可能发生,dl-probability,true,,正确选项,dl-probability,,,not_applicable
dl-q08-v4,1,一定发生,dl-probability,false,pending-dl-q08-v4-1,待内容负责人填写：该错误选项反映的具体误解,dl-probability,,,waiting_human_confirmation
dl-q08-v4,2,样本数为零,dl-probability,false,pending-dl-q08-v4-2,待内容负责人填写：该错误选项反映的具体误解,dl-probability,,,waiting_human_confirmation
dl-q09-v2,0,1,dl-linear-regression,true,,正确选项,dl-linear-regression,,,not_applicable
dl-q09-v2,1,4,dl-linear-regression,false,pending-dl-q09-v2-1,待内容负责人填写：该错误选项反映的具体误解,dl-linear-regression,,,waiting_human_confirmation
dl-q09-v2,2,49,dl-linear-regression,false,pending-dl-q09-v2-2,待内容负责人填写：该错误选项反映的具体误解,dl-linear-regression,,,waiting_human_confirmation
dl-q09-v3,0,`w` 和 `b`,dl-linear-regression,true,,正确选项,dl-linear-regression,,,not_applicable
dl-q09-v3,1,类别名称字符串,dl-linear-regression,false,pending-dl-q09-v3-1,待内容负责人填写：该错误选项反映的具体误解,dl-linear-regression,,,waiting_human_confirmation
dl-q09-v3,2,训练集路径,dl-linear-regression,false,pending-dl-q09-v3-2,待内容负责人填写：该错误选项反映的具体误解,dl-linear-regression,,,waiting_human_confirmation
dl-q09-v4,0,当前训练数据上的预测误差在减小,dl-linear-regression,true,,正确选项,dl-linear-regression,,,not_applicable
dl-q09-v4,1,模型必然完全不过拟合,dl-linear-regression,false,pending-dl-q09-v4-1,待内容负责人填写：该错误选项反映的具体误解,dl-linear-regression,,,waiting_human_confirmation
dl-q09-v4,2,测试准确率一定为 100%,dl-linear-regression,false,pending-dl-q09-v4-2,待内容负责人填写：该错误选项反映的具体误解,dl-linear-regression,,,waiting_human_confirmation
dl-q10-v2,0,"[0.5,0.5]",dl-softmax,true,,正确选项,dl-softmax,,,not_applicable
dl-q10-v2,1,"[1,0]",dl-softmax,false,pending-dl-q10-v2-1,待内容负责人填写：该错误选项反映的具体误解,dl-softmax,,,waiting_human_confirmation
dl-q10-v2,2,"[0,1]",dl-softmax,false,pending-dl-q10-v2-2,待内容负责人填写：该错误选项反映的具体误解,dl-softmax,,,waiting_human_confirmation
dl-q10-v3,0,Softmax 概率分布,dl-softmax,true,,正确选项,dl-softmax,,,not_applicable
dl-q10-v3,1,单个连续回归值,dl-softmax,false,pending-dl-q10-v3-1,待内容负责人填写：该错误选项反映的具体误解,dl-softmax,,,waiting_human_confirmation
dl-q10-v3,2,聚类中心编号,dl-softmax,false,pending-dl-q10-v3-2,待内容负责人填写：该错误选项反映的具体误解,dl-softmax,,,waiting_human_confirmation
dl-q10-v4,0,总和为 1,dl-softmax,true,,正确选项,dl-softmax,,,not_applicable
dl-q10-v4,1,每个都大于 1,dl-softmax,false,pending-dl-q10-v4-1,待内容负责人填写：该错误选项反映的具体误解,dl-softmax,,,waiting_human_confirmation
dl-q10-v4,2,全部固定相等,dl-softmax,false,pending-dl-q10-v4-2,待内容负责人填写：该错误选项反映的具体误解,dl-softmax,,,waiting_human_confirmation
dl-q11-v2,0,23,dl-mlp,true,,正确选项,dl-mlp,,,not_applicable
dl-q11-v2,1,18,dl-mlp,false,pending-dl-q11-v2-1,待内容负责人填写：该错误选项反映的具体误解,dl-mlp,,,waiting_human_confirmation
dl-q11-v2,2,12,dl-mlp,false,pending-dl-q11-v2-2,待内容负责人填写：该错误选项反映的具体误解,dl-mlp,,,waiting_human_confirmation
dl-q11-v3,0,"`nn.Linear(4,3) → nn.ReLU() → nn.Linear(3,2)`",dl-mlp,true,,正确选项,dl-mlp,,,not_applicable
dl-q11-v3,1,"`nn.Linear(4,2) → nn.Linear(2,2)` 且无激活",dl-mlp,false,pending-dl-q11-v3-1,待内容负责人填写：该错误选项反映的具体误解,dl-mlp,,,waiting_human_confirmation
dl-q11-v3,2,`del input`,dl-mlp,false,pending-dl-q11-v3-2,待内容负责人填写：该错误选项反映的具体误解,dl-mlp,,,waiting_human_confirmation
dl-q11-v4,0,隐藏层中的非线性变换,dl-mlp,true,,正确选项,dl-mlp,,,not_applicable
dl-q11-v4,1,训练文件名更长,dl-mlp,false,pending-dl-q11-v4-1,待内容负责人填写：该错误选项反映的具体误解,dl-mlp,,,waiting_human_confirmation
dl-q11-v4,2,类别数量固定,dl-mlp,false,pending-dl-q11-v4-2,待内容负责人填写：该错误选项反映的具体误解,dl-mlp,,,waiting_human_confirmation
dl-q12-v2,0,模型 B,dl-generalization,true,,正确选项,dl-generalization,,,not_applicable
dl-q12-v2,1,模型 A,dl-generalization,false,pending-dl-q12-v2-1,待内容负责人填写：该错误选项反映的具体误解,dl-generalization,,,waiting_human_confirmation
dl-q12-v2,2,仅看谁训练准确率高,dl-generalization,false,pending-dl-q12-v2-2,待内容负责人填写：该错误选项反映的具体误解,dl-generalization,,,waiting_human_confirmation
dl-q12-v3,0,增加正则化或数据增强,dl-generalization,true,,正确选项,dl-generalization,,,not_applicable
dl-q12-v3,1,只继续增加训练轮数,dl-generalization,false,pending-dl-q12-v3-1,待内容负责人填写：该错误选项反映的具体误解,dl-generalization,,,waiting_human_confirmation
dl-q12-v3,2,删除验证集,dl-generalization,false,pending-dl-q12-v3-2,待内容负责人填写：该错误选项反映的具体误解,dl-generalization,,,waiting_human_confirmation
dl-q12-v4,0,未参与训练的相似新数据,dl-generalization,true,,正确选项,dl-generalization,,,not_applicable
dl-q12-v4,1,仅训练样本,dl-generalization,false,pending-dl-q12-v4-1,待内容负责人填写：该错误选项反映的具体误解,dl-generalization,,,waiting_human_confirmation
dl-q12-v4,2,随机文件名,dl-generalization,false,pending-dl-q12-v4-2,待内容负责人填写：该错误选项反映的具体误解,dl-generalization,,,waiting_human_confirmation
dl-q13-v2,0,帮助前后向信号保持合适尺度,dl-initialization,true,,正确选项,dl-initialization,,,not_applicable
dl-q13-v2,1,让训练集自动扩容,dl-initialization,false,pending-dl-q13-v2-1,待内容负责人填写：该错误选项反映的具体误解,dl-initialization,,,waiting_human_confirmation
dl-q13-v2,2,消除所有非线性,dl-initialization,false,pending-dl-q13-v2-2,待内容负责人填写：该错误选项反映的具体误解,dl-initialization,,,waiting_human_confirmation
dl-q13-v3,0,各层激活和梯度的均值/方差随训练变化,dl-initialization,true,,正确选项,dl-initialization,,,not_applicable
dl-q13-v3,1,电脑桌面颜色,dl-initialization,false,pending-dl-q13-v3-1,待内容负责人填写：该错误选项反映的具体误解,dl-initialization,,,waiting_human_confirmation
dl-q13-v3,2,数据文件创建时间,dl-initialization,false,pending-dl-q13-v3-2,待内容负责人填写：该错误选项反映的具体误解,dl-initialization,,,waiting_human_confirmation
dl-q13-v4,0,参数更新非常缓慢,dl-initialization,true,,正确选项,dl-initialization,,,not_applicable
dl-q13-v4,1,学习率自动变大,dl-initialization,false,pending-dl-q13-v4-1,待内容负责人填写：该错误选项反映的具体误解,dl-initialization,,,waiting_human_confirmation
dl-q13-v4,2,模型不再需要数据,dl-initialization,false,pending-dl-q13-v4-2,待内容负责人填写：该错误选项反映的具体误解,dl-initialization,,,waiting_human_confirmation
dl-q14-v2,0,3×3,dl-convolution,true,,正确选项,dl-convolution,,,not_applicable
dl-q14-v2,1,5×5,dl-convolution,false,pending-dl-q14-v2-1,待内容负责人填写：该错误选项反映的具体误解,dl-convolution,,,waiting_human_confirmation
dl-q14-v2,2,7×7,dl-convolution,false,pending-dl-q14-v2-2,待内容负责人填写：该错误选项反映的具体误解,dl-convolution,,,waiting_human_confirmation
dl-q14-v3,0,"Conv2d(3,16,kernel_size=3)",dl-convolution,true,,正确选项,dl-convolution,,,not_applicable
dl-q14-v3,1,"Conv2d(16,3,kernel_size=1) 且无输入",dl-convolution,false,pending-dl-q14-v3-1,待内容负责人填写：该错误选项反映的具体误解,dl-convolution,,,waiting_human_confirmation
dl-q14-v3,2,"Linear(3,16)",dl-convolution,false,pending-dl-q14-v3-2,待内容负责人填写：该错误选项反映的具体误解,dl-convolution,,,waiting_human_confirmation
dl-q14-v4,0,一个输出位置只看输入的局部邻域,dl-convolution,true,,正确选项,dl-convolution,,,not_applicable
dl-q14-v4,1,每个输出必须连接所有图像像素,dl-convolution,false,pending-dl-q14-v4-1,待内容负责人填写：该错误选项反映的具体误解,dl-convolution,,,waiting_human_confirmation
dl-q14-v4,2,不使用任何权重,dl-convolution,false,pending-dl-q14-v4-2,待内容负责人填写：该错误选项反映的具体误解,dl-convolution,,,waiting_human_confirmation
dl-q15-v2,0,控制边界信息与输出尺寸,dl-padding-stride,true,,正确选项,dl-padding-stride,,,not_applicable
dl-q15-v2,1,增加类别标签,dl-padding-stride,false,pending-dl-q15-v2-1,待内容负责人填写：该错误选项反映的具体误解,dl-padding-stride,,,waiting_human_confirmation
dl-q15-v2,2,替代卷积核,dl-padding-stride,false,pending-dl-q15-v2-2,待内容负责人填写：该错误选项反映的具体误解,dl-padding-stride,,,waiting_human_confirmation
dl-q15-v3,0,padding=1,dl-padding-stride,true,,正确选项,dl-padding-stride,,,not_applicable
dl-q15-v3,1,padding=0,dl-padding-stride,false,pending-dl-q15-v3-1,待内容负责人填写：该错误选项反映的具体误解,dl-padding-stride,,,waiting_human_confirmation
dl-q15-v3,2,padding=3,dl-padding-stride,false,pending-dl-q15-v3-2,待内容负责人填写：该错误选项反映的具体误解,dl-padding-stride,,,waiting_human_confirmation
dl-q15-v4,0,减少输出位置数量,dl-padding-stride,true,,正确选项,dl-padding-stride,,,not_applicable
dl-q15-v4,1,增加输入通道数,dl-padding-stride,false,pending-dl-q15-v4-1,待内容负责人填写：该错误选项反映的具体误解,dl-padding-stride,,,waiting_human_confirmation
dl-q15-v4,2,使卷积核消失,dl-padding-stride,false,pending-dl-q15-v4-2,待内容负责人填写：该错误选项反映的具体误解,dl-padding-stride,,,waiting_human_confirmation
dl-q16-v2,0,4,dl-pooling,true,,正确选项,dl-pooling,,,not_applicable
dl-q16-v2,1,2.5,dl-pooling,false,pending-dl-q16-v2-1,待内容负责人填写：该错误选项反映的具体误解,dl-pooling,,,waiting_human_confirmation
dl-q16-v2,2,1,dl-pooling,false,pending-dl-q16-v2-2,待内容负责人填写：该错误选项反映的具体误解,dl-pooling,,,waiting_human_confirmation
dl-q16-v3,0,一个取平均值，一个取最大值,dl-pooling,true,,正确选项,dl-pooling,,,not_applicable
dl-q16-v3,1,二者都只做参数更新,dl-pooling,false,pending-dl-q16-v3-1,待内容负责人填写：该错误选项反映的具体误解,dl-pooling,,,waiting_human_confirmation
dl-q16-v3,2,平均池化输出类别,dl-pooling,false,pending-dl-q16-v3-2,待内容负责人填写：该错误选项反映的具体误解,dl-pooling,,,waiting_human_confirmation
dl-q16-v4,0,学习卷积核权重,dl-pooling,true,,正确选项,dl-pooling,,,not_applicable
dl-q16-v4,1,降低空间分辨率,dl-pooling,false,pending-dl-q16-v4-1,待内容负责人填写：该错误选项反映的具体误解,dl-pooling,,,waiting_human_confirmation
dl-q16-v4,2,汇聚局部特征,dl-pooling,false,pending-dl-q16-v4-2,待内容负责人填写：该错误选项反映的具体误解,dl-pooling,,,waiting_human_confirmation
dl-q17-v2,0,按时间顺序的 7 天销量窗口,dl-sequence,true,,正确选项,dl-sequence,,,not_applicable
dl-q17-v2,1,随机打乱后只保留一天,dl-sequence,false,pending-dl-q17-v2-1,待内容负责人填写：该错误选项反映的具体误解,dl-sequence,,,waiting_human_confirmation
dl-q17-v2,2,类别名称列表,dl-sequence,false,pending-dl-q17-v2-2,待内容负责人填写：该错误选项反映的具体误解,dl-sequence,,,waiting_human_confirmation
dl-q17-v3,0,前面词序列 → 下一个词,dl-sequence,true,,正确选项,dl-sequence,,,not_applicable
dl-q17-v3,1,下一个词 → 随机图片,dl-sequence,false,pending-dl-q17-v3-1,待内容负责人填写：该错误选项反映的具体误解,dl-sequence,,,waiting_human_confirmation
dl-q17-v3,2,词序列 → 文件大小,dl-sequence,false,pending-dl-q17-v3-2,待内容负责人填写：该错误选项反映的具体误解,dl-sequence,,,waiting_human_confirmation
dl-q17-v4,0,破坏时间依赖关系,dl-sequence,true,,正确选项,dl-sequence,,,not_applicable
dl-q17-v4,1,增加输入维度,dl-sequence,false,pending-dl-q17-v4-1,待内容负责人填写：该错误选项反映的具体误解,dl-sequence,,,waiting_human_confirmation
dl-q17-v4,2,自动减少噪声,dl-sequence,false,pending-dl-q17-v4-2,待内容负责人填写：该错误选项反映的具体误解,dl-sequence,,,waiting_human_confirmation
dl-q18-v2,0,携带先前时间步的信息,dl-rnn,true,,正确选项,dl-rnn,,,not_applicable
dl-q18-v2,1,记录训练文件路径,dl-rnn,false,pending-dl-q18-v2-1,待内容负责人填写：该错误选项反映的具体误解,dl-rnn,,,waiting_human_confirmation
dl-q18-v2,2,替代当前输入 x_t,dl-rnn,false,pending-dl-q18-v2-2,待内容负责人填写：该错误选项反映的具体误解,dl-rnn,,,waiting_human_confirmation
dl-q18-v3,0,作为下一步的上一隐藏状态继续输入,dl-rnn,true,,正确选项,dl-rnn,,,not_applicable
dl-q18-v3,1,每步删除并改为 0,dl-rnn,false,pending-dl-q18-v3-1,待内容负责人填写：该错误选项反映的具体误解,dl-rnn,,,waiting_human_confirmation
dl-q18-v3,2,替代当前输入 x_t,dl-rnn,false,pending-dl-q18-v3-2,待内容负责人填写：该错误选项反映的具体误解,dl-rnn,,,waiting_human_confirmation
dl-q18-v4,0,梯度消失或爆炸,dl-rnn,true,,正确选项,dl-rnn,,,not_applicable
dl-q18-v4,1,类别标签自动删除,dl-rnn,false,pending-dl-q18-v4-1,待内容负责人填写：该错误选项反映的具体误解,dl-rnn,,,waiting_human_confirmation
dl-q18-v4,2,输入维度必定为 0,dl-rnn,false,pending-dl-q18-v4-2,待内容负责人填写：该错误选项反映的具体误解,dl-rnn,,,waiting_human_confirmation
py-q01,0,list 列表,prog-python,true,,正确选项,prog-python,,,not_applicable
py-q01,1,float 单个浮点数,prog-python,false,pending-py-q01-1,待内容负责人填写：该错误选项反映的具体误解,prog-python,,,waiting_human_confirmation
py-q01,2,bool 布尔值,prog-python,false,pending-py-q01-2,待内容负责人填写：该错误选项反映的具体误解,prog-python,,,waiting_human_confirmation
py-q01-v2,0,3,prog-python,false,pending-py-q01-v2-0,待内容负责人填写：该错误选项反映的具体误解,prog-python,,,waiting_human_confirmation
py-q01-v2,1,6,prog-python,true,,正确选项,prog-python,,,not_applicable
py-q01-v2,2,9,prog-python,false,pending-py-q01-v2-2,待内容负责人填写：该错误选项反映的具体误解,prog-python,,,waiting_human_confirmation
py-q01-v3,0,`total += r`,prog-python,true,,正确选项,prog-python,,,not_applicable
py-q01-v3,1,`rewards = total`,prog-python,false,pending-py-q01-v3-1,待内容负责人填写：该错误选项反映的具体误解,prog-python,,,waiting_human_confirmation
py-q01-v3,2,`break`,prog-python,false,pending-py-q01-v3-2,待内容负责人填写：该错误选项反映的具体误解,prog-python,,,waiting_human_confirmation
py-q01-v4,0,q_values[0],prog-python,true,,正确选项,prog-python,,,not_applicable
py-q01-v4,1,q_values[1],prog-python,false,pending-py-q01-v4-1,待内容负责人填写：该错误选项反映的具体误解,prog-python,,,waiting_human_confirmation
py-q01-v4,2,q_values[first],prog-python,false,pending-py-q01-v4-2,待内容负责人填写：该错误选项反映的具体误解,prog-python,,,waiting_human_confirmation
qt-q01,0,在状态s采取动作a的价值估计,prog-qtable,true,,正确选项,prog-qtable,,,not_applicable
qt-q01,1,状态数量,prog-qtable,false,pending-qt-q01-1,待内容负责人填写：该错误选项反映的具体误解,prog-qtable,,,waiting_human_confirmation
qt-q01,2,神经网络层数,prog-qtable,false,pending-qt-q01-2,待内容负责人填写：该错误选项反映的具体误解,prog-qtable,,,waiting_human_confirmation
qt-q01-v2,0,即时奖励和折扣后的下一状态最大Q值,prog-qtable,true,,正确选项,prog-qtable,,,not_applicable
qt-q01-v2,1,当前批次样本数,prog-qtable,false,pending-qt-q01-v2-1,待内容负责人填写：该错误选项反映的具体误解,prog-qtable,,,waiting_human_confirmation
qt-q01-v2,2,动作名称字符串,prog-qtable,false,pending-qt-q01-v2-2,待内容负责人填写：该错误选项反映的具体误解,prog-qtable,,,waiting_human_confirmation
qt-q01-v3,0,错误加入不存在的未来回报,prog-qtable,true,,正确选项,prog-qtable,,,not_applicable
qt-q01-v3,1,自动提高探索率,prog-qtable,false,pending-qt-q01-v3-1,待内容负责人填写：该错误选项反映的具体误解,prog-qtable,,,waiting_human_confirmation
qt-q01-v3,2,删除当前奖励,prog-qtable,false,pending-qt-q01-v3-2,待内容负责人填写：该错误选项反映的具体误解,prog-qtable,,,waiting_human_confirmation
qt-q01-v4,0,新经验改变旧值的幅度,prog-qtable,true,,正确选项,prog-qtable,,,not_applicable
qt-q01-v4,1,状态空间大小,prog-qtable,false,pending-qt-q01-v4-1,待内容负责人填写：该错误选项反映的具体误解,prog-qtable,,,waiting_human_confirmation
qt-q01-v4,2,动作类别名称,prog-qtable,false,pending-qt-q01-v4-2,待内容负责人填写：该错误选项反映的具体误解,prog-qtable,,,waiting_human_confirmation
