knowledge_point_id,mastery_status,reason_code,review_status,updated_at
math-prob,pending_human_calibration,human_calibration_required,pending,2026-07-31
rl-discount,pending_human_calibration,human_calibration_required,pending,2026-07-31
algo-dp,pending_human_calibration,human_calibration_required,pending,2026-07-31
rl-bellman,pending_human_calibration,human_calibration_required,pending,2026-07-31
rl-mdp,pending_human_calibration,human_calibration_required,pending,2026-07-31
rl-qlearning,pending_human_calibration,human_calibration_required,pending,2026-07-31
dl-neuron,pending_human_calibration,human_calibration_required,pending,2026-07-31
dl-activation,pending_human_calibration,human_calibration_required,pending,2026-07-31
dl-forward,pending_human_calibration,human_calibration_required,pending,2026-07-31
dl-loss,pending_human_calibration,human_calibration_required,pending,2026-07-31
dl-backprop,pending_human_calibration,human_calibration_required,pending,2026-07-31
dl-training,pending_human_calibration,human_calibration_required,pending,2026-07-31
ml-learning-task,pending_human_calibration,human_calibration_required,pending,2026-07-31
ml-learning-paradigm,pending_human_calibration,human_calibration_required,pending,2026-07-31
ml-regression,pending_human_calibration,human_calibration_required,pending,2026-07-31
ml-linear-regression,pending_human_calibration,human_calibration_required,pending,2026-07-31
ml-logistic-regression,pending_human_calibration,human_calibration_required,pending,2026-07-31
ml-loss-function,pending_human_calibration,human_calibration_required,pending,2026-07-31
ml-gradient-descent,pending_human_calibration,human_calibration_required,pending,2026-07-31
ml-classification,pending_human_calibration,human_calibration_required,pending,2026-07-31
ml-clustering,pending_human_calibration,human_calibration_required,pending,2026-07-31
ml-ensemble,pending_human_calibration,human_calibration_required,pending,2026-07-31
ml-model-selection,pending_human_calibration,human_calibration_required,pending,2026-07-31
dl-linear-algebra,pending_human_calibration,human_calibration_required,pending,2026-07-31
dl-probability,pending_human_calibration,human_calibration_required,pending,2026-07-31
dl-linear-regression,pending_human_calibration,human_calibration_required,pending,2026-07-31
dl-softmax,pending_human_calibration,human_calibration_required,pending,2026-07-31
dl-mlp,pending_human_calibration,human_calibration_required,pending,2026-07-31
dl-generalization,pending_human_calibration,human_calibration_required,pending,2026-07-31
dl-initialization,pending_human_calibration,human_calibration_required,pending,2026-07-31
dl-convolution,pending_human_calibration,human_calibration_required,pending,2026-07-31
dl-padding-stride,pending_human_calibration,human_calibration_required,pending,2026-07-31
dl-pooling,pending_human_calibration,human_calibration_required,pending,2026-07-31
dl-sequence,pending_human_calibration,human_calibration_required,pending,2026-07-31
dl-rnn,pending_human_calibration,human_calibration_required,pending,2026-07-31
prog-python,pending_human_calibration,human_calibration_required,pending,2026-07-31
prog-qtable,pending_human_calibration,human_calibration_required,pending,2026-07-31
